group,label,N,TA,TB,rho,lambda,order,first,dist,b,batchRate,policy,runs,allDone,makespan_mean,makespan_std,completed_mean,completed_std,spawned_mean,spawned_std,throughput_mean,throughput_std,avgLeadTime_mean,avgLeadTime_std,avgWaitTime_mean,avgWaitTime_std,util_MA_mean,util_MA_std,util_MB_mean,util_MB_std
G1 일괄 작업 수,N=1,1,2,2,,,,,,,,immediate,1,true,4,0,1,0,1,0,0.25,0,4,0,0,0,0.5,0,0.5,0
G1 일괄 작업 수,N=1,1,2,2,,,,,,,,sequential,1,true,4,0,1,0,1,0,0.25,0,4,0,0,0,0.5,0,0.5,0
G1 일괄 작업 수,N=2,2,2,2,,,,,,,,immediate,1,true,4,0,2,0,2,0,0.5,0,4,0,0,0,1,0,1,0
G1 일괄 작업 수,N=2,2,2,2,,,,,,,,sequential,1,true,6,0,2,0,2,0,0.333333,0,5,0,1,0,0.666667,0,0.666667,0
G1 일괄 작업 수,N=3,3,2,2,,,,,,,,immediate,1,true,8,0,3,0,3,0,0.375,0,5.333333,0,1.333333,0,0.75,0,0.75,0
G1 일괄 작업 수,N=3,3,2,2,,,,,,,,sequential,1,true,8,0,3,0,3,0,0.375,0,6,0,2,0,0.75,0,0.75,0
G1 일괄 작업 수,N=5,5,2,2,,,,,,,,immediate,1,true,12,0,5,0,5,0,0.416667,0,7.2,0,3.2,0,0.833333,0,0.833333,0
G1 일괄 작업 수,N=5,5,2,2,,,,,,,,sequential,1,true,12,0,5,0,5,0,0.416667,0,8,0,4,0,0.833333,0,0.833333,0
G1 일괄 작업 수,N=10,10,2,2,,,,,,,,immediate,1,true,20,0,10,0,10,0,0.5,0,12,0,8,0,1,0,1,0
G1 일괄 작업 수,N=10,10,2,2,,,,,,,,sequential,1,true,22,0,10,0,10,0,0.454545,0,13,0,9,0,0.909091,0,0.909091,0
G1 일괄 작업 수,N=20,20,2,2,,,,,,,,immediate,1,true,40,0,20,0,20,0,0.5,0,22,0,18,0,1,0,1,0
G1 일괄 작업 수,N=20,20,2,2,,,,,,,,sequential,1,true,42,0,20,0,20,0,0.47619,0,23,0,19,0,0.952381,0,0.952381,0
G1 일괄 작업 수,N=50,50,2,2,,,,,,,,immediate,1,true,100,0,50,0,50,0,0.5,0,52,0,48,0,1,0,1,0
G1 일괄 작업 수,N=50,50,2,2,,,,,,,,sequential,1,true,102,0,50,0,50,0,0.490196,0,53,0,49,0,0.980392,0,0.980392,0
G2 연속 도착 부하,rho=0.2,,2,2,0.2,0.1,,,,,,immediate,20,false,1000,0,97.85,11.366039,98.25,11.461032,0.09785,0.011366,4.369208,0.087715,0.369208,0.087715,0.196165,0.02281,0.19585,0.022723
G2 연속 도착 부하,rho=0.2,,2,2,0.2,0.1,,,,,,sequential,20,false,1000,0,97.85,11.366039,98.25,11.461032,0.09785,0.011366,4.344423,0.098986,0.344423,0.098986,0.196215,0.022806,0.19582,0.022734
G2 연속 도착 부하,rho=0.4,,2,2,0.4,0.2,,,,,,immediate,20,false,1000,0,192.75,15.820955,193.8,15.783402,0.19275,0.015821,4.788014,0.144883,0.788014,0.144883,0.386605,0.031582,0.386195,0.031439
G2 연속 도착 부하,rho=0.4,,2,2,0.4,0.2,,,,,,sequential,20,false,1000,0,192.8,15.736648,193.8,15.783402,0.1928,0.015737,4.722348,0.148053,0.722348,0.148053,0.386765,0.031465,0.385985,0.031583
G2 연속 도착 부하,rho=0.6,,2,2,0.6,0.3,,,,,,immediate,20,false,1000,0,291.1,18.803415,292.85,19.085059,0.2911,0.018803,5.582163,0.267088,1.582163,0.267088,0.583965,0.037409,0.583085,0.037513
G2 연속 도착 부하,rho=0.6,,2,2,0.6,0.3,,,,,,sequential,20,false,1000,0,291.2,18.738084,292.85,19.085059,0.2912,0.018738,5.484301,0.262457,1.484301,0.262457,0.58418,0.037548,0.582915,0.037513
G2 연속 도착 부하,rho=0.8,,2,2,0.8,0.4,,,,,,immediate,20,false,1000,0,391.25,23.514553,394.7,24.089963,0.39125,0.023515,8.41487,1.7927,4.41487,1.7927,0.78499,0.047336,0.78432,0.047133
G2 연속 도착 부하,rho=0.8,,2,2,0.8,0.4,,,,,,sequential,20,false,1000,0,391.35,23.510972,394.7,24.089963,0.39135,0.023511,8.326212,1.799127,4.326212,1.799127,0.7853,0.047443,0.783485,0.047248
G2 연속 도착 부하,rho=0.9,,2,2,0.9,0.45,,,,,,immediate,20,false,1000,0,437.95,23.709814,442.85,24.7456,0.43795,0.02371,12.962221,5.103941,8.962221,5.103941,0.87838,0.047342,0.877665,0.047216
G2 연속 도착 부하,rho=0.9,,2,2,0.9,0.45,,,,,,sequential,20,false,1000,0,438,23.622024,442.85,24.7456,0.438,0.023622,12.902882,5.111753,8.902882,5.111753,0.878695,0.04725,0.876705,0.047246
G2 연속 도착 부하,rho=0.95,,2,2,0.95,0.475,,,,,,immediate,20,false,1000,0,458.75,21.329187,466.95,23.972517,0.45875,0.021329,16.501456,7.164397,12.501456,7.164397,0.920105,0.042871,0.9195,0.042887
G2 연속 도착 부하,rho=0.95,,2,2,0.95,0.475,,,,,,sequential,20,false,1000,0,458.85,21.428645,466.95,23.972517,0.45885,0.021429,16.42698,7.206021,12.42698,7.206021,0.92044,0.042895,0.91848,0.042862
G2 연속 도착 부하,rho=1,,2,2,1,0.5,,,,,,immediate,20,false,1000,0,476.1,16.305956,494.1,24.653173,0.4761,0.016306,24.618309,13.231156,20.618309,13.231156,0.954715,0.032899,0.95413,0.03276
G2 연속 도착 부하,rho=1,,2,2,1,0.5,,,,,,sequential,20,false,1000,0,476.25,16.241192,494.1,24.653173,0.47625,0.016241,24.484719,13.272989,20.484719,13.272989,0.955155,0.032937,0.953255,0.032674
G2 연속 도착 부하,rho=1.1,,2,2,1.1,0.55,,,,,,immediate,20,false,1000,0,492.45,6.125658,543.75,24.296144,0.49245,0.006126,50.899769,19.453463,46.899769,19.453463,0.987465,0.012051,0.986905,0.012205
G2 연속 도착 부하,rho=1.1,,2,2,1.1,0.55,,,,,,sequential,20,false,1000,0,492.5,6.125873,543.75,24.296144,0.4925,0.006126,50.888121,19.442882,46.888121,19.442882,0.987875,0.012097,0.985875,0.012097
G2 연속 도착 부하,rho=1.2,,2,2,1.2,0.6,,,,,,immediate,20,false,1000,0,495.85,1.694418,595.95,25.685292,0.49585,0.001694,87.275216,19.498189,83.275216,19.498189,0.994385,0.003334,0.9937,0.003382
G2 연속 도착 부하,rho=1.2,,2,2,1.2,0.6,,,,,,sequential,20,false,1000,0,495.95,1.538112,595.95,25.685292,0.49595,0.001538,87.213285,19.423239,83.213285,19.423239,0.99479,0.003155,0.99279,0.003155
G3a 처리 시간 차이 · 일괄,TA=0.5 AB N=2 first=MA,2,0.5,2,,,AB,MA,,,,immediate,1,true,4,0,2,0,2,0,0.5,0,3.25,0,0.75,0,0.25,0,1,0
G3a 처리 시간 차이 · 일괄,TA=0.5 AB N=2 first=MA,2,0.5,2,,,AB,MA,,,,sequential,1,true,4.5,0,2,0,2,0,0.444444,0,3.5,0,1,0,0.222222,0,0.888889,0
G3a 처리 시간 차이 · 일괄,TA=0.5 AB N=2 first=MB,2,0.5,2,,,AB,MB,,,,immediate,1,true,4,0,2,0,2,0,0.5,0,3.25,0,0.75,0,0.25,0,1,0
G3a 처리 시간 차이 · 일괄,TA=0.5 AB N=2 first=MB,2,0.5,2,,,AB,MB,,,,sequential,1,true,4.5,0,2,0,2,0,0.444444,0,3.5,0,1,0,0.222222,0,0.888889,0
G3a 처리 시간 차이 · 일괄,TA=0.5 AB N=5 first=MA,5,0.5,2,,,AB,MA,,,,immediate,1,true,10,0,5,0,5,0,0.5,0,6.1,0,3.6,0,0.25,0,1,0
G3a 처리 시간 차이 · 일괄,TA=0.5 AB N=5 first=MA,5,0.5,2,,,AB,MA,,,,sequential,1,true,10.5,0,5,0,5,0,0.47619,0,6.5,0,4,0,0.238095,0,0.952381,0
G3a 처리 시간 차이 · 일괄,TA=0.5 AB N=5 first=MB,5,0.5,2,,,AB,MB,,,,immediate,1,true,10,0,5,0,5,0,0.5,0,6.1,0,3.6,0,0.25,0,1,0
G3a 처리 시간 차이 · 일괄,TA=0.5 AB N=5 first=MB,5,0.5,2,,,AB,MB,,,,sequential,1,true,10.5,0,5,0,5,0,0.47619,0,6.5,0,4,0,0.238095,0,0.952381,0
G3a 처리 시간 차이 · 일괄,TA=0.5 AB N=20 first=MA,20,0.5,2,,,AB,MA,,,,immediate,1,true,40,0,20,0,20,0,0.5,0,21.025,0,18.525,0,0.25,0,1,0
G3a 처리 시간 차이 · 일괄,TA=0.5 AB N=20 first=MA,20,0.5,2,,,AB,MA,,,,sequential,1,true,40.5,0,20,0,20,0,0.493827,0,21.5,0,19,0,0.246914,0,0.987654,0
G3a 처리 시간 차이 · 일괄,TA=0.5 AB N=20 first=MB,20,0.5,2,,,AB,MB,,,,immediate,1,true,40,0,20,0,20,0,0.5,0,21.025,0,18.525,0,0.25,0,1,0
G3a 처리 시간 차이 · 일괄,TA=0.5 AB N=20 first=MB,20,0.5,2,,,AB,MB,,,,sequential,1,true,40.5,0,20,0,20,0,0.493827,0,21.5,0,19,0,0.246914,0,0.987654,0
G3a 처리 시간 차이 · 일괄,TA=0.5 BA N=2 first=MA,2,0.5,2,,,BA,MA,,,,immediate,1,true,4,0,2,0,2,0,0.5,0,3.25,0,0.75,0,0.25,0,1,0
G3a 처리 시간 차이 · 일괄,TA=0.5 BA N=2 first=MA,2,0.5,2,,,BA,MA,,,,sequential,1,true,4.5,0,2,0,2,0,0.444444,0,3.5,0,1,0,0.222222,0,0.888889,0
G3a 처리 시간 차이 · 일괄,TA=0.5 BA N=2 first=MB,2,0.5,2,,,BA,MB,,,,immediate,1,true,4,0,2,0,2,0,0.5,0,3.25,0,0.75,0,0.25,0,1,0
G3a 처리 시간 차이 · 일괄,TA=0.5 BA N=2 first=MB,2,0.5,2,,,BA,MB,,,,sequential,1,true,4.5,0,2,0,2,0,0.444444,0,3.5,0,1,0,0.222222,0,0.888889,0
G3a 처리 시간 차이 · 일괄,TA=0.5 BA N=5 first=MA,5,0.5,2,,,BA,MA,,,,immediate,1,true,10,0,5,0,5,0,0.5,0,6.1,0,3.6,0,0.25,0,1,0
G3a 처리 시간 차이 · 일괄,TA=0.5 BA N=5 first=MA,5,0.5,2,,,BA,MA,,,,sequential,1,true,10.5,0,5,0,5,0,0.47619,0,6.5,0,4,0,0.238095,0,0.952381,0
G3a 처리 시간 차이 · 일괄,TA=0.5 BA N=5 first=MB,5,0.5,2,,,BA,MB,,,,immediate,1,true,10,0,5,0,5,0,0.5,0,6.1,0,3.6,0,0.25,0,1,0
G3a 처리 시간 차이 · 일괄,TA=0.5 BA N=5 first=MB,5,0.5,2,,,BA,MB,,,,sequential,1,true,10.5,0,5,0,5,0,0.47619,0,6.5,0,4,0,0.238095,0,0.952381,0
G3a 처리 시간 차이 · 일괄,TA=0.5 BA N=20 first=MA,20,0.5,2,,,BA,MA,,,,immediate,1,true,40,0,20,0,20,0,0.5,0,21.025,0,18.525,0,0.25,0,1,0
G3a 처리 시간 차이 · 일괄,TA=0.5 BA N=20 first=MA,20,0.5,2,,,BA,MA,,,,sequential,1,true,40.5,0,20,0,20,0,0.493827,0,21.5,0,19,0,0.246914,0,0.987654,0
G3a 처리 시간 차이 · 일괄,TA=0.5 BA N=20 first=MB,20,0.5,2,,,BA,MB,,,,immediate,1,true,40,0,20,0,20,0,0.5,0,21.025,0,18.525,0,0.25,0,1,0
G3a 처리 시간 차이 · 일괄,TA=0.5 BA N=20 first=MB,20,0.5,2,,,BA,MB,,,,sequential,1,true,40.5,0,20,0,20,0,0.493827,0,21.5,0,19,0,0.246914,0,0.987654,0
G3a 처리 시간 차이 · 일괄,TA=1 AB N=2 first=MA,2,1,2,,,AB,MA,,,,immediate,1,true,4,0,2,0,2,0,0.5,0,3.5,0,0.5,0,0.5,0,1,0
G3a 처리 시간 차이 · 일괄,TA=1 AB N=2 first=MA,2,1,2,,,AB,MA,,,,sequential,1,true,5,0,2,0,2,0,0.4,0,4,0,1,0,0.4,0,0.8,0
G3a 처리 시간 차이 · 일괄,TA=1 AB N=2 first=MB,2,1,2,,,AB,MB,,,,immediate,1,true,4,0,2,0,2,0,0.5,0,3.5,0,0.5,0,0.5,0,1,0
G3a 처리 시간 차이 · 일괄,TA=1 AB N=2 first=MB,2,1,2,,,AB,MB,,,,sequential,1,true,5,0,2,0,2,0,0.4,0,4,0,1,0,0.4,0,0.8,0
G3a 처리 시간 차이 · 일괄,TA=1 AB N=5 first=MA,5,1,2,,,AB,MA,,,,immediate,1,true,10,0,5,0,5,0,0.5,0,6.2,0,3.2,0,0.5,0,1,0
G3a 처리 시간 차이 · 일괄,TA=1 AB N=5 first=MA,5,1,2,,,AB,MA,,,,sequential,1,true,11,0,5,0,5,0,0.454545,0,7,0,4,0,0.454545,0,0.909091,0
G3a 처리 시간 차이 · 일괄,TA=1 AB N=5 first=MB,5,1,2,,,AB,MB,,,,immediate,1,true,10,0,5,0,5,0,0.5,0,6.2,0,3.2,0,0.5,0,1,0
G3a 처리 시간 차이 · 일괄,TA=1 AB N=5 first=MB,5,1,2,,,AB,MB,,,,sequential,1,true,11,0,5,0,5,0,0.454545,0,7,0,4,0,0.454545,0,0.909091,0
G3a 처리 시간 차이 · 일괄,TA=1 AB N=20 first=MA,20,1,2,,,AB,MA,,,,immediate,1,true,40,0,20,0,20,0,0.5,0,21.05,0,18.05,0,0.5,0,1,0
G3a 처리 시간 차이 · 일괄,TA=1 AB N=20 first=MA,20,1,2,,,AB,MA,,,,sequential,1,true,41,0,20,0,20,0,0.487805,0,22,0,19,0,0.487805,0,0.97561,0
G3a 처리 시간 차이 · 일괄,TA=1 AB N=20 first=MB,20,1,2,,,AB,MB,,,,immediate,1,true,40,0,20,0,20,0,0.5,0,21.05,0,18.05,0,0.5,0,1,0
G3a 처리 시간 차이 · 일괄,TA=1 AB N=20 first=MB,20,1,2,,,AB,MB,,,,sequential,1,true,41,0,20,0,20,0,0.487805,0,22,0,19,0,0.487805,0,0.97561,0
G3a 처리 시간 차이 · 일괄,TA=1 BA N=2 first=MA,2,1,2,,,BA,MA,,,,immediate,1,true,4,0,2,0,2,0,0.5,0,3.5,0,0.5,0,0.5,0,1,0
G3a 처리 시간 차이 · 일괄,TA=1 BA N=2 first=MA,2,1,2,,,BA,MA,,,,sequential,1,true,5,0,2,0,2,0,0.4,0,4,0,1,0,0.4,0,0.8,0
G3a 처리 시간 차이 · 일괄,TA=1 BA N=2 first=MB,2,1,2,,,BA,MB,,,,immediate,1,true,4,0,2,0,2,0,0.5,0,3.5,0,0.5,0,0.5,0,1,0
G3a 처리 시간 차이 · 일괄,TA=1 BA N=2 first=MB,2,1,2,,,BA,MB,,,,sequential,1,true,5,0,2,0,2,0,0.4,0,4,0,1,0,0.4,0,0.8,0
G3a 처리 시간 차이 · 일괄,TA=1 BA N=5 first=MA,5,1,2,,,BA,MA,,,,immediate,1,true,10,0,5,0,5,0,0.5,0,6.2,0,3.2,0,0.5,0,1,0
G3a 처리 시간 차이 · 일괄,TA=1 BA N=5 first=MA,5,1,2,,,BA,MA,,,,sequential,1,true,11,0,5,0,5,0,0.454545,0,7,0,4,0,0.454545,0,0.909091,0
G3a 처리 시간 차이 · 일괄,TA=1 BA N=5 first=MB,5,1,2,,,BA,MB,,,,immediate,1,true,10,0,5,0,5,0,0.5,0,6.2,0,3.2,0,0.5,0,1,0
G3a 처리 시간 차이 · 일괄,TA=1 BA N=5 first=MB,5,1,2,,,BA,MB,,,,sequential,1,true,11,0,5,0,5,0,0.454545,0,7,0,4,0,0.454545,0,0.909091,0
G3a 처리 시간 차이 · 일괄,TA=1 BA N=20 first=MA,20,1,2,,,BA,MA,,,,immediate,1,true,40,0,20,0,20,0,0.5,0,21.05,0,18.05,0,0.5,0,1,0
G3a 처리 시간 차이 · 일괄,TA=1 BA N=20 first=MA,20,1,2,,,BA,MA,,,,sequential,1,true,41,0,20,0,20,0,0.487805,0,22,0,19,0,0.487805,0,0.97561,0
G3a 처리 시간 차이 · 일괄,TA=1 BA N=20 first=MB,20,1,2,,,BA,MB,,,,immediate,1,true,40,0,20,0,20,0,0.5,0,21.05,0,18.05,0,0.5,0,1,0
G3a 처리 시간 차이 · 일괄,TA=1 BA N=20 first=MB,20,1,2,,,BA,MB,,,,sequential,1,true,41,0,20,0,20,0,0.487805,0,22,0,19,0,0.487805,0,0.97561,0
G3a 처리 시간 차이 · 일괄,TA=2 AB N=2 first=MA,2,2,2,,,AB,MA,,,,immediate,1,true,4,0,2,0,2,0,0.5,0,4,0,0,0,1,0,1,0
G3a 처리 시간 차이 · 일괄,TA=2 AB N=2 first=MA,2,2,2,,,AB,MA,,,,sequential,1,true,6,0,2,0,2,0,0.333333,0,5,0,1,0,0.666667,0,0.666667,0
G3a 처리 시간 차이 · 일괄,TA=2 AB N=2 first=MB,2,2,2,,,AB,MB,,,,immediate,1,true,4,0,2,0,2,0,0.5,0,4,0,0,0,1,0,1,0
G3a 처리 시간 차이 · 일괄,TA=2 AB N=2 first=MB,2,2,2,,,AB,MB,,,,sequential,1,true,6,0,2,0,2,0,0.333333,0,5,0,1,0,0.666667,0,0.666667,0
G3a 처리 시간 차이 · 일괄,TA=2 AB N=5 first=MA,5,2,2,,,AB,MA,,,,immediate,1,true,12,0,5,0,5,0,0.416667,0,7.2,0,3.2,0,0.833333,0,0.833333,0
G3a 처리 시간 차이 · 일괄,TA=2 AB N=5 first=MA,5,2,2,,,AB,MA,,,,sequential,1,true,12,0,5,0,5,0,0.416667,0,8,0,4,0,0.833333,0,0.833333,0
G3a 처리 시간 차이 · 일괄,TA=2 AB N=5 first=MB,5,2,2,,,AB,MB,,,,immediate,1,true,12,0,5,0,5,0,0.416667,0,7.2,0,3.2,0,0.833333,0,0.833333,0
G3a 처리 시간 차이 · 일괄,TA=2 AB N=5 first=MB,5,2,2,,,AB,MB,,,,sequential,1,true,12,0,5,0,5,0,0.416667,0,8,0,4,0,0.833333,0,0.833333,0
G3a 처리 시간 차이 · 일괄,TA=2 AB N=20 first=MA,20,2,2,,,AB,MA,,,,immediate,1,true,40,0,20,0,20,0,0.5,0,22,0,18,0,1,0,1,0
G3a 처리 시간 차이 · 일괄,TA=2 AB N=20 first=MA,20,2,2,,,AB,MA,,,,sequential,1,true,42,0,20,0,20,0,0.47619,0,23,0,19,0,0.952381,0,0.952381,0
G3a 처리 시간 차이 · 일괄,TA=2 AB N=20 first=MB,20,2,2,,,AB,MB,,,,immediate,1,true,40,0,20,0,20,0,0.5,0,22,0,18,0,1,0,1,0
G3a 처리 시간 차이 · 일괄,TA=2 AB N=20 first=MB,20,2,2,,,AB,MB,,,,sequential,1,true,42,0,20,0,20,0,0.47619,0,23,0,19,0,0.952381,0,0.952381,0
G3a 처리 시간 차이 · 일괄,TA=2 BA N=2 first=MA,2,2,2,,,BA,MA,,,,immediate,1,true,4,0,2,0,2,0,0.5,0,4,0,0,0,1,0,1,0
G3a 처리 시간 차이 · 일괄,TA=2 BA N=2 first=MA,2,2,2,,,BA,MA,,,,sequential,1,true,6,0,2,0,2,0,0.333333,0,5,0,1,0,0.666667,0,0.666667,0
G3a 처리 시간 차이 · 일괄,TA=2 BA N=2 first=MB,2,2,2,,,BA,MB,,,,immediate,1,true,4,0,2,0,2,0,0.5,0,4,0,0,0,1,0,1,0
G3a 처리 시간 차이 · 일괄,TA=2 BA N=2 first=MB,2,2,2,,,BA,MB,,,,sequential,1,true,6,0,2,0,2,0,0.333333,0,5,0,1,0,0.666667,0,0.666667,0
G3a 처리 시간 차이 · 일괄,TA=2 BA N=5 first=MA,5,2,2,,,BA,MA,,,,immediate,1,true,12,0,5,0,5,0,0.416667,0,7.2,0,3.2,0,0.833333,0,0.833333,0
G3a 처리 시간 차이 · 일괄,TA=2 BA N=5 first=MA,5,2,2,,,BA,MA,,,,sequential,1,true,12,0,5,0,5,0,0.416667,0,8,0,4,0,0.833333,0,0.833333,0
G3a 처리 시간 차이 · 일괄,TA=2 BA N=5 first=MB,5,2,2,,,BA,MB,,,,immediate,1,true,12,0,5,0,5,0,0.416667,0,7.2,0,3.2,0,0.833333,0,0.833333,0
G3a 처리 시간 차이 · 일괄,TA=2 BA N=5 first=MB,5,2,2,,,BA,MB,,,,sequential,1,true,12,0,5,0,5,0,0.416667,0,8,0,4,0,0.833333,0,0.833333,0
G3a 처리 시간 차이 · 일괄,TA=2 BA N=20 first=MA,20,2,2,,,BA,MA,,,,immediate,1,true,40,0,20,0,20,0,0.5,0,22,0,18,0,1,0,1,0
G3a 처리 시간 차이 · 일괄,TA=2 BA N=20 first=MA,20,2,2,,,BA,MA,,,,sequential,1,true,42,0,20,0,20,0,0.47619,0,23,0,19,0,0.952381,0,0.952381,0
G3a 처리 시간 차이 · 일괄,TA=2 BA N=20 first=MB,20,2,2,,,BA,MB,,,,immediate,1,true,40,0,20,0,20,0,0.5,0,22,0,18,0,1,0,1,0
G3a 처리 시간 차이 · 일괄,TA=2 BA N=20 first=MB,20,2,2,,,BA,MB,,,,sequential,1,true,42,0,20,0,20,0,0.47619,0,23,0,19,0,0.952381,0,0.952381,0
G3a 처리 시간 차이 · 일괄,TA=3 AB N=2 first=MA,2,3,2,,,AB,MA,,,,immediate,1,true,6,0,2,0,2,0,0.333333,0,5.5,0,0.5,0,1,0,0.666667,0
G3a 처리 시간 차이 · 일괄,TA=3 AB N=2 first=MA,2,3,2,,,AB,MA,,,,sequential,1,true,8,0,2,0,2,0,0.25,0,6.5,0,1.5,0,0.75,0,0.5,0
G3a 처리 시간 차이 · 일괄,TA=3 AB N=2 first=MB,2,3,2,,,AB,MB,,,,immediate,1,true,6,0,2,0,2,0,0.333333,0,5.5,0,0.5,0,1,0,0.666667,0
G3a 처리 시간 차이 · 일괄,TA=3 AB N=2 first=MB,2,3,2,,,AB,MB,,,,sequential,1,true,8,0,2,0,2,0,0.25,0,6.5,0,1.5,0,0.75,0,0.5,0
G3a 처리 시간 차이 · 일괄,TA=3 AB N=5 first=MA,5,3,2,,,AB,MA,,,,immediate,1,true,15,0,5,0,5,0,0.333333,0,9.6,0,4.6,0,1,0,0.666667,0
G3a 처리 시간 차이 · 일괄,TA=3 AB N=5 first=MA,5,3,2,,,AB,MA,,,,sequential,1,true,17,0,5,0,5,0,0.294118,0,11,0,6,0,0.882353,0,0.588235,0
G3a 처리 시간 차이 · 일괄,TA=3 AB N=5 first=MB,5,3,2,,,AB,MB,,,,immediate,1,true,15,0,5,0,5,0,0.333333,0,9.6,0,4.6,0,1,0,0.666667,0
G3a 처리 시간 차이 · 일괄,TA=3 AB N=5 first=MB,5,3,2,,,AB,MB,,,,sequential,1,true,17,0,5,0,5,0,0.294118,0,11,0,6,0,0.882353,0,0.588235,0
G3a 처리 시간 차이 · 일괄,TA=3 AB N=20 first=MA,20,3,2,,,AB,MA,,,,immediate,1,true,60,0,20,0,20,0,0.333333,0,31.65,0,26.65,0,1,0,0.666667,0
G3a 처리 시간 차이 · 일괄,TA=3 AB N=20 first=MA,20,3,2,,,AB,MA,,,,sequential,1,true,62,0,20,0,20,0,0.322581,0,33.5,0,28.5,0,0.967742,0,0.645161,0
G3a 처리 시간 차이 · 일괄,TA=3 AB N=20 first=MB,20,3,2,,,AB,MB,,,,immediate,1,true,60,0,20,0,20,0,0.333333,0,31.65,0,26.65,0,1,0,0.666667,0
G3a 처리 시간 차이 · 일괄,TA=3 AB N=20 first=MB,20,3,2,,,AB,MB,,,,sequential,1,true,62,0,20,0,20,0,0.322581,0,33.5,0,28.5,0,0.967742,0,0.645161,0
G3a 처리 시간 차이 · 일괄,TA=3 BA N=2 first=MA,2,3,2,,,BA,MA,,,,immediate,1,true,6,0,2,0,2,0,0.333333,0,5.5,0,0.5,0,1,0,0.666667,0
G3a 처리 시간 차이 · 일괄,TA=3 BA N=2 first=MA,2,3,2,,,BA,MA,,,,sequential,1,true,8,0,2,0,2,0,0.25,0,6.5,0,1.5,0,0.75,0,0.5,0
G3a 처리 시간 차이 · 일괄,TA=3 BA N=2 first=MB,2,3,2,,,BA,MB,,,,immediate,1,true,6,0,2,0,2,0,0.333333,0,5.5,0,0.5,0,1,0,0.666667,0
G3a 처리 시간 차이 · 일괄,TA=3 BA N=2 first=MB,2,3,2,,,BA,MB,,,,sequential,1,true,8,0,2,0,2,0,0.25,0,6.5,0,1.5,0,0.75,0,0.5,0
G3a 처리 시간 차이 · 일괄,TA=3 BA N=5 first=MA,5,3,2,,,BA,MA,,,,immediate,1,true,15,0,5,0,5,0,0.333333,0,9.6,0,4.6,0,1,0,0.666667,0
G3a 처리 시간 차이 · 일괄,TA=3 BA N=5 first=MA,5,3,2,,,BA,MA,,,,sequential,1,true,17,0,5,0,5,0,0.294118,0,11,0,6,0,0.882353,0,0.588235,0
G3a 처리 시간 차이 · 일괄,TA=3 BA N=5 first=MB,5,3,2,,,BA,MB,,,,immediate,1,true,15,0,5,0,5,0,0.333333,0,9.6,0,4.6,0,1,0,0.666667,0
G3a 처리 시간 차이 · 일괄,TA=3 BA N=5 first=MB,5,3,2,,,BA,MB,,,,sequential,1,true,17,0,5,0,5,0,0.294118,0,11,0,6,0,0.882353,0,0.588235,0
G3a 처리 시간 차이 · 일괄,TA=3 BA N=20 first=MA,20,3,2,,,BA,MA,,,,immediate,1,true,60,0,20,0,20,0,0.333333,0,31.65,0,26.65,0,1,0,0.666667,0
G3a 처리 시간 차이 · 일괄,TA=3 BA N=20 first=MA,20,3,2,,,BA,MA,,,,sequential,1,true,62,0,20,0,20,0,0.322581,0,33.5,0,28.5,0,0.967742,0,0.645161,0
G3a 처리 시간 차이 · 일괄,TA=3 BA N=20 first=MB,20,3,2,,,BA,MB,,,,immediate,1,true,60,0,20,0,20,0,0.333333,0,31.65,0,26.65,0,1,0,0.666667,0
G3a 처리 시간 차이 · 일괄,TA=3 BA N=20 first=MB,20,3,2,,,BA,MB,,,,sequential,1,true,62,0,20,0,20,0,0.322581,0,33.5,0,28.5,0,0.967742,0,0.645161,0
G3a 처리 시간 차이 · 일괄,TA=4 AB N=2 first=MA,2,4,2,,,AB,MA,,,,immediate,1,true,8,0,2,0,2,0,0.25,0,7,0,1,0,1,0,0.5,0
G3a 처리 시간 차이 · 일괄,TA=4 AB N=2 first=MA,2,4,2,,,AB,MA,,,,sequential,1,true,10,0,2,0,2,0,0.2,0,8,0,2,0,0.8,0,0.4,0
G3a 처리 시간 차이 · 일괄,TA=4 AB N=2 first=MB,2,4,2,,,AB,MB,,,,immediate,1,true,8,0,2,0,2,0,0.25,0,7,0,1,0,1,0,0.5,0
G3a 처리 시간 차이 · 일괄,TA=4 AB N=2 first=MB,2,4,2,,,AB,MB,,,,sequential,1,true,10,0,2,0,2,0,0.2,0,8,0,2,0,0.8,0,0.4,0
G3a 처리 시간 차이 · 일괄,TA=4 AB N=5 first=MA,5,4,2,,,AB,MA,,,,immediate,1,true,20,0,5,0,5,0,0.25,0,12.4,0,6.4,0,1,0,0.5,0
G3a 처리 시간 차이 · 일괄,TA=4 AB N=5 first=MA,5,4,2,,,AB,MA,,,,sequential,1,true,22,0,5,0,5,0,0.227273,0,14,0,8,0,0.909091,0,0.454545,0
G3a 처리 시간 차이 · 일괄,TA=4 AB N=5 first=MB,5,4,2,,,AB,MB,,,,immediate,1,true,20,0,5,0,5,0,0.25,0,12.4,0,6.4,0,1,0,0.5,0
G3a 처리 시간 차이 · 일괄,TA=4 AB N=5 first=MB,5,4,2,,,AB,MB,,,,sequential,1,true,22,0,5,0,5,0,0.227273,0,14,0,8,0,0.909091,0,0.454545,0
G3a 처리 시간 차이 · 일괄,TA=4 AB N=20 first=MA,20,4,2,,,AB,MA,,,,immediate,1,true,80,0,20,0,20,0,0.25,0,42.1,0,36.1,0,1,0,0.5,0
G3a 처리 시간 차이 · 일괄,TA=4 AB N=20 first=MA,20,4,2,,,AB,MA,,,,sequential,1,true,82,0,20,0,20,0,0.243902,0,44,0,38,0,0.97561,0,0.487805,0
G3a 처리 시간 차이 · 일괄,TA=4 AB N=20 first=MB,20,4,2,,,AB,MB,,,,immediate,1,true,80,0,20,0,20,0,0.25,0,42.1,0,36.1,0,1,0,0.5,0
G3a 처리 시간 차이 · 일괄,TA=4 AB N=20 first=MB,20,4,2,,,AB,MB,,,,sequential,1,true,82,0,20,0,20,0,0.243902,0,44,0,38,0,0.97561,0,0.487805,0
G3a 처리 시간 차이 · 일괄,TA=4 BA N=2 first=MA,2,4,2,,,BA,MA,,,,immediate,1,true,8,0,2,0,2,0,0.25,0,7,0,1,0,1,0,0.5,0
G3a 처리 시간 차이 · 일괄,TA=4 BA N=2 first=MA,2,4,2,,,BA,MA,,,,sequential,1,true,10,0,2,0,2,0,0.2,0,8,0,2,0,0.8,0,0.4,0
G3a 처리 시간 차이 · 일괄,TA=4 BA N=2 first=MB,2,4,2,,,BA,MB,,,,immediate,1,true,8,0,2,0,2,0,0.25,0,7,0,1,0,1,0,0.5,0
G3a 처리 시간 차이 · 일괄,TA=4 BA N=2 first=MB,2,4,2,,,BA,MB,,,,sequential,1,true,10,0,2,0,2,0,0.2,0,8,0,2,0,0.8,0,0.4,0
G3a 처리 시간 차이 · 일괄,TA=4 BA N=5 first=MA,5,4,2,,,BA,MA,,,,immediate,1,true,20,0,5,0,5,0,0.25,0,12.4,0,6.4,0,1,0,0.5,0
G3a 처리 시간 차이 · 일괄,TA=4 BA N=5 first=MA,5,4,2,,,BA,MA,,,,sequential,1,true,22,0,5,0,5,0,0.227273,0,14,0,8,0,0.909091,0,0.454545,0
G3a 처리 시간 차이 · 일괄,TA=4 BA N=5 first=MB,5,4,2,,,BA,MB,,,,immediate,1,true,20,0,5,0,5,0,0.25,0,12.4,0,6.4,0,1,0,0.5,0
G3a 처리 시간 차이 · 일괄,TA=4 BA N=5 first=MB,5,4,2,,,BA,MB,,,,sequential,1,true,22,0,5,0,5,0,0.227273,0,14,0,8,0,0.909091,0,0.454545,0
G3a 처리 시간 차이 · 일괄,TA=4 BA N=20 first=MA,20,4,2,,,BA,MA,,,,immediate,1,true,80,0,20,0,20,0,0.25,0,42.1,0,36.1,0,1,0,0.5,0
G3a 처리 시간 차이 · 일괄,TA=4 BA N=20 first=MA,20,4,2,,,BA,MA,,,,sequential,1,true,82,0,20,0,20,0,0.243902,0,44,0,38,0,0.97561,0,0.487805,0
G3a 처리 시간 차이 · 일괄,TA=4 BA N=20 first=MB,20,4,2,,,BA,MB,,,,immediate,1,true,80,0,20,0,20,0,0.25,0,42.1,0,36.1,0,1,0,0.5,0
G3a 처리 시간 차이 · 일괄,TA=4 BA N=20 first=MB,20,4,2,,,BA,MB,,,,sequential,1,true,82,0,20,0,20,0,0.243902,0,44,0,38,0,0.97561,0,0.487805,0
G3a 처리 시간 차이 · 일괄,TA=8 AB N=2 first=MA,2,8,2,,,AB,MA,,,,immediate,1,true,16,0,2,0,2,0,0.125,0,13,0,3,0,1,0,0.25,0
G3a 처리 시간 차이 · 일괄,TA=8 AB N=2 first=MA,2,8,2,,,AB,MA,,,,sequential,1,true,18,0,2,0,2,0,0.111111,0,14,0,4,0,0.888889,0,0.222222,0
G3a 처리 시간 차이 · 일괄,TA=8 AB N=2 first=MB,2,8,2,,,AB,MB,,,,immediate,1,true,16,0,2,0,2,0,0.125,0,13,0,3,0,1,0,0.25,0
G3a 처리 시간 차이 · 일괄,TA=8 AB N=2 first=MB,2,8,2,,,AB,MB,,,,sequential,1,true,18,0,2,0,2,0,0.111111,0,14,0,4,0,0.888889,0,0.222222,0
G3a 처리 시간 차이 · 일괄,TA=8 AB N=5 first=MA,5,8,2,,,AB,MA,,,,immediate,1,true,40,0,5,0,5,0,0.125,0,24.4,0,14.4,0,1,0,0.25,0
G3a 처리 시간 차이 · 일괄,TA=8 AB N=5 first=MA,5,8,2,,,AB,MA,,,,sequential,1,true,42,0,5,0,5,0,0.119048,0,26,0,16,0,0.952381,0,0.238095,0
G3a 처리 시간 차이 · 일괄,TA=8 AB N=5 first=MB,5,8,2,,,AB,MB,,,,immediate,1,true,40,0,5,0,5,0,0.125,0,24.4,0,14.4,0,1,0,0.25,0
G3a 처리 시간 차이 · 일괄,TA=8 AB N=5 first=MB,5,8,2,,,AB,MB,,,,sequential,1,true,42,0,5,0,5,0,0.119048,0,26,0,16,0,0.952381,0,0.238095,0
G3a 처리 시간 차이 · 일괄,TA=8 AB N=20 first=MA,20,8,2,,,AB,MA,,,,immediate,1,true,160,0,20,0,20,0,0.125,0,84.1,0,74.1,0,1,0,0.25,0
G3a 처리 시간 차이 · 일괄,TA=8 AB N=20 first=MA,20,8,2,,,AB,MA,,,,sequential,1,true,162,0,20,0,20,0,0.123457,0,86,0,76,0,0.987654,0,0.246914,0
G3a 처리 시간 차이 · 일괄,TA=8 AB N=20 first=MB,20,8,2,,,AB,MB,,,,immediate,1,true,160,0,20,0,20,0,0.125,0,84.1,0,74.1,0,1,0,0.25,0
G3a 처리 시간 차이 · 일괄,TA=8 AB N=20 first=MB,20,8,2,,,AB,MB,,,,sequential,1,true,162,0,20,0,20,0,0.123457,0,86,0,76,0,0.987654,0,0.246914,0
G3a 처리 시간 차이 · 일괄,TA=8 BA N=2 first=MA,2,8,2,,,BA,MA,,,,immediate,1,true,16,0,2,0,2,0,0.125,0,13,0,3,0,1,0,0.25,0
G3a 처리 시간 차이 · 일괄,TA=8 BA N=2 first=MA,2,8,2,,,BA,MA,,,,sequential,1,true,18,0,2,0,2,0,0.111111,0,14,0,4,0,0.888889,0,0.222222,0
G3a 처리 시간 차이 · 일괄,TA=8 BA N=2 first=MB,2,8,2,,,BA,MB,,,,immediate,1,true,16,0,2,0,2,0,0.125,0,13,0,3,0,1,0,0.25,0
G3a 처리 시간 차이 · 일괄,TA=8 BA N=2 first=MB,2,8,2,,,BA,MB,,,,sequential,1,true,18,0,2,0,2,0,0.111111,0,14,0,4,0,0.888889,0,0.222222,0
G3a 처리 시간 차이 · 일괄,TA=8 BA N=5 first=MA,5,8,2,,,BA,MA,,,,immediate,1,true,40,0,5,0,5,0,0.125,0,24.4,0,14.4,0,1,0,0.25,0
G3a 처리 시간 차이 · 일괄,TA=8 BA N=5 first=MA,5,8,2,,,BA,MA,,,,sequential,1,true,42,0,5,0,5,0,0.119048,0,26,0,16,0,0.952381,0,0.238095,0
G3a 처리 시간 차이 · 일괄,TA=8 BA N=5 first=MB,5,8,2,,,BA,MB,,,,immediate,1,true,40,0,5,0,5,0,0.125,0,24.4,0,14.4,0,1,0,0.25,0
G3a 처리 시간 차이 · 일괄,TA=8 BA N=5 first=MB,5,8,2,,,BA,MB,,,,sequential,1,true,42,0,5,0,5,0,0.119048,0,26,0,16,0,0.952381,0,0.238095,0
G3a 처리 시간 차이 · 일괄,TA=8 BA N=20 first=MA,20,8,2,,,BA,MA,,,,immediate,1,true,160,0,20,0,20,0,0.125,0,84.1,0,74.1,0,1,0,0.25,0
G3a 처리 시간 차이 · 일괄,TA=8 BA N=20 first=MA,20,8,2,,,BA,MA,,,,sequential,1,true,162,0,20,0,20,0,0.123457,0,86,0,76,0,0.987654,0,0.246914,0
G3a 처리 시간 차이 · 일괄,TA=8 BA N=20 first=MB,20,8,2,,,BA,MB,,,,immediate,1,true,160,0,20,0,20,0,0.125,0,84.1,0,74.1,0,1,0,0.25,0
G3a 처리 시간 차이 · 일괄,TA=8 BA N=20 first=MB,20,8,2,,,BA,MB,,,,sequential,1,true,162,0,20,0,20,0,0.123457,0,86,0,76,0,0.987654,0,0.246914,0
G3b 처리 시간 차이 · 연속 도착,TA=0.5 AB rho=0.5,,0.5,2,0.5,0.25,AB,MA,,,,immediate,20,false,1000,0,244.3,18.385063,245.25,18.538367,0.2443,0.018385,3.528871,0.196932,1.028871,0.196932,0.122565,0.009275,0.48911,0.036824
G3b 처리 시간 차이 · 연속 도착,TA=0.5 AB rho=0.5,,0.5,2,0.5,0.25,AB,MA,,,,sequential,20,false,1000,0,244.3,18.385063,245.25,18.538367,0.2443,0.018385,3.558053,0.199983,1.058053,0.199983,0.122565,0.009275,0.4891,0.036823
G3b 처리 시간 차이 · 연속 도착,TA=0.5 AB rho=0.5 first=MB,,0.5,2,0.5,0.25,AB,MB,,,,immediate,20,false,1000,0,244.35,18.39415,245.25,18.538367,0.24435,0.018394,3.350867,0.188501,0.850867,0.188501,0.12238,0.009206,0.489375,0.036891
G3b 처리 시간 차이 · 연속 도착,TA=0.5 AB rho=0.5 first=MB,,0.5,2,0.5,0.25,AB,MB,,,,sequential,20,false,1000,0,244.3,18.385063,245.25,18.538367,0.2443,0.018385,3.558053,0.199983,1.058053,0.199983,0.122565,0.009275,0.4891,0.036823
G3b 처리 시간 차이 · 연속 도착,TA=0.5 AB rho=0.8,,0.5,2,0.8,0.4,AB,MA,,,,immediate,20,false,1000,0,392,23.704319,394.7,24.089963,0.392,0.023704,6.76252,1.795556,4.26252,1.795556,0.19728,0.012128,0.784915,0.047399
G3b 처리 시간 차이 · 연속 도착,TA=0.5 AB rho=0.8,,0.5,2,0.8,0.4,AB,MA,,,,sequential,20,false,1000,0,392,23.704319,394.7,24.089963,0.392,0.023704,6.826368,1.795981,4.326368,1.795981,0.19729,0.012104,0.78485,0.047439
G3b 처리 시간 차이 · 연속 도착,TA=0.5 AB rho=0.8 first=MB,,0.5,2,0.8,0.4,AB,MB,,,,immediate,20,false,1000,0,392.25,23.672936,394.7,24.089963,0.39225,0.023673,6.472558,1.77041,3.972558,1.77041,0.19728,0.012128,0.7853,0.047443
G3b 처리 시간 차이 · 연속 도착,TA=0.5 AB rho=0.8 first=MB,,0.5,2,0.8,0.4,AB,MB,,,,sequential,20,false,1000,0,392,23.704319,394.7,24.089963,0.392,0.023704,6.826368,1.795981,4.326368,1.795981,0.19729,0.012104,0.78485,0.047439
G3b 처리 시간 차이 · 연속 도착,TA=0.5 AB rho=0.95,,0.5,2,0.95,0.475,AB,MA,,,,immediate,20,false,1000,0,459.55,21.561357,466.95,23.972517,0.45955,0.021561,14.838657,7.176658,12.338657,7.176658,0.233355,0.01197,0.920045,0.042921
G3b 처리 시간 차이 · 연속 도착,TA=0.5 AB rho=0.95,,0.5,2,0.95,0.475,AB,MA,,,,sequential,20,false,1000,0,459.5,21.514989,466.95,23.972517,0.4595,0.021515,14.928038,7.194935,12.428038,7.194935,0.233355,0.01197,0.91994,0.042895
G3b 처리 시간 차이 · 연속 도착,TA=0.5 AB rho=0.95 first=MB,,0.5,2,0.95,0.475,AB,MB,,,,immediate,20,false,1000,0,459.8,21.468704,466.95,23.972517,0.4598,0.021469,14.488437,7.173163,11.988437,7.173163,0.233305,0.012053,0.92041,0.042911
G3b 처리 시간 차이 · 연속 도착,TA=0.5 AB rho=0.95 first=MB,,0.5,2,0.95,0.475,AB,MB,,,,sequential,20,false,1000,0,459.5,21.514989,466.95,23.972517,0.4595,0.021515,14.928038,7.194935,12.428038,7.194935,0.233355,0.01197,0.91994,0.042895
G3b 처리 시간 차이 · 연속 도착,TA=0.5 BA rho=0.5,,0.5,2,0.5,0.25,BA,MA,,,,immediate,20,false,1000,0,244.3,18.385063,245.25,18.538367,0.2443,0.018385,3.528871,0.196932,1.028871,0.196932,0.122565,0.009275,0.48911,0.036824
G3b 처리 시간 차이 · 연속 도착,TA=0.5 BA rho=0.5,,0.5,2,0.5,0.25,BA,MA,,,,sequential,20,false,1000,0,244.3,18.385063,245.25,18.538367,0.2443,0.018385,3.558053,0.199983,1.058053,0.199983,0.122175,0.0092,0.48939,0.036883
G3b 처리 시간 차이 · 연속 도착,TA=0.5 BA rho=0.8,,0.5,2,0.8,0.4,BA,MA,,,,immediate,20,false,1000,0,392,23.704319,394.7,24.089963,0.392,0.023704,6.76252,1.795556,4.26252,1.795556,0.19728,0.012128,0.784915,0.047399
G3b 처리 시간 차이 · 연속 도착,TA=0.5 BA rho=0.8,,0.5,2,0.8,0.4,BA,MA,,,,sequential,20,false,1000,0,392,23.704319,394.7,24.089963,0.392,0.023704,6.826368,1.795981,4.326368,1.795981,0.19605,0.011852,0.7853,0.047443
G3b 처리 시간 차이 · 연속 도착,TA=0.5 BA rho=0.95,,0.5,2,0.95,0.475,BA,MA,,,,immediate,20,false,1000,0,459.55,21.561357,466.95,23.972517,0.45955,0.021561,14.838657,7.176658,12.338657,7.176658,0.233355,0.01197,0.920045,0.042921
G3b 처리 시간 차이 · 연속 도착,TA=0.5 BA rho=0.95,,0.5,2,0.95,0.475,BA,MA,,,,sequential,20,false,1000,0,459.5,21.514989,466.95,23.972517,0.4595,0.021515,14.928038,7.194935,12.428038,7.194935,0.229805,0.010723,0.92044,0.042895
G3b 처리 시간 차이 · 연속 도착,TA=1 AB rho=0.5,,1,2,0.5,0.25,AB,MA,,,,immediate,20,false,1000,0,244.2,18.455066,245.25,18.538367,0.2442,0.018455,3.978025,0.192111,0.978025,0.192111,0.244985,0.018551,0.488935,0.036786
G3b 처리 시간 차이 · 연속 도착,TA=1 AB rho=0.5,,1,2,0.5,0.25,AB,MA,,,,sequential,20,false,1000,0,244.2,18.343506,245.25,18.538367,0.2442,0.018344,4.057464,0.200209,1.057464,0.200209,0.24504,0.018517,0.488835,0.036779
G3b 처리 시간 차이 · 연속 도착,TA=1 AB rho=0.5 first=MB,,1,2,0.5,0.25,AB,MB,,,,immediate,20,false,1000,0,244.3,18.422241,245.25,18.538367,0.2443,0.018422,3.733885,0.175637,0.733885,0.175637,0.244685,0.018412,0.489355,0.036901
G3b 처리 시간 차이 · 연속 도착,TA=1 AB rho=0.5 first=MB,,1,2,0.5,0.25,AB,MB,,,,sequential,20,false,1000,0,244.2,18.343506,245.25,18.538367,0.2442,0.018344,4.057464,0.200209,1.057464,0.200209,0.24504,0.018517,0.488835,0.036779
G3b 처리 시간 차이 · 연속 도착,TA=1 AB rho=0.8,,1,2,0.8,0.4,AB,MA,,,,immediate,20,false,1000,0,391.95,23.669823,394.7,24.089963,0.39195,0.02367,7.114037,1.803794,4.114037,1.803794,0.394455,0.024325,0.784655,0.047298
G3b 처리 시간 차이 · 연속 도착,TA=1 AB rho=0.8,,1,2,0.8,0.4,AB,MA,,,,sequential,20,false,1000,0,391.8,23.614447,394.7,24.089963,0.3918,0.023614,7.325517,1.798857,4.325517,1.798857,0.394465,0.024329,0.784385,0.04741
G3b 처리 시간 차이 · 연속 도착,TA=1 AB rho=0.8 first=MB,,1,2,0.8,0.4,AB,MB,,,,immediate,20,false,1000,0,392.15,23.716028,394.7,24.089963,0.39215,0.023716,6.714331,1.736836,3.714331,1.736836,0.39443,0.024345,0.785245,0.047433
G3b 처리 시간 차이 · 연속 도착,TA=1 AB rho=0.8 first=MB,,1,2,0.8,0.4,AB,MB,,,,sequential,20,false,1000,0,391.8,23.614447,394.7,24.089963,0.3918,0.023614,7.325517,1.798857,4.325517,1.798857,0.394465,0.024329,0.784385,0.04741
G3b 처리 시간 차이 · 연속 도착,TA=1 AB rho=0.95,,1,2,0.95,0.475,AB,MA,,,,immediate,20,false,1000,0,459.45,21.438959,466.95,23.972517,0.45945,0.021439,15.153065,7.216462,12.153065,7.216462,0.466205,0.024039,0.919795,0.042915
G3b 처리 시간 차이 · 연속 도착,TA=1 AB rho=0.95,,1,2,0.95,0.475,AB,MA,,,,sequential,20,false,1000,0,459.15,21.499755,466.95,23.972517,0.45915,0.0215,15.42851,7.206152,12.42851,7.206152,0.466205,0.024039,0.91944,0.042895
G3b 처리 시간 차이 · 연속 도착,TA=1 AB rho=0.95 first=MB,,1,2,0.95,0.475,AB,MB,,,,immediate,20,false,1000,0,459.7,21.523793,466.95,23.972517,0.4597,0.021524,14.641578,7.122432,11.641578,7.122432,0.466145,0.024111,0.92032,0.042911
G3b 처리 시간 차이 · 연속 도착,TA=1 AB rho=0.95 first=MB,,1,2,0.95,0.475,AB,MB,,,,sequential,20,false,1000,0,459.15,21.499755,466.95,23.972517,0.45915,0.0215,15.42851,7.206152,12.42851,7.206152,0.466205,0.024039,0.91944,0.042895
G3b 처리 시간 차이 · 연속 도착,TA=1 BA rho=0.5,,1,2,0.5,0.25,BA,MA,,,,immediate,20,false,1000,0,244.2,18.455066,245.25,18.538367,0.2442,0.018455,3.978025,0.192111,0.978025,0.192111,0.244985,0.018551,0.488935,0.036786
G3b 처리 시간 차이 · 연속 도착,TA=1 BA rho=0.5,,1,2,0.5,0.25,BA,MA,,,,sequential,20,false,1000,0,244.2,18.343506,245.25,18.538367,0.2442,0.018344,4.057464,0.200209,1.057464,0.200209,0.244285,0.018375,0.48939,0.036883
G3b 처리 시간 차이 · 연속 도착,TA=1 BA rho=0.8,,1,2,0.8,0.4,BA,MA,,,,immediate,20,false,1000,0,391.95,23.669823,394.7,24.089963,0.39195,0.02367,7.114037,1.803794,4.114037,1.803794,0.394455,0.024325,0.784655,0.047298
G3b 처리 시간 차이 · 연속 도착,TA=1 BA rho=0.8,,1,2,0.8,0.4,BA,MA,,,,sequential,20,false,1000,0,391.8,23.614447,394.7,24.089963,0.3918,0.023614,7.325517,1.798857,4.325517,1.798857,0.39197,0.023676,0.7853,0.047443
G3b 처리 시간 차이 · 연속 도착,TA=1 BA rho=0.95,,1,2,0.95,0.475,BA,MA,,,,immediate,20,false,1000,0,459.45,21.438959,466.95,23.972517,0.45945,0.021439,15.153065,7.216462,12.153065,7.216462,0.466205,0.024039,0.919795,0.042915
G3b 처리 시간 차이 · 연속 도착,TA=1 BA rho=0.95,,1,2,0.95,0.475,BA,MA,,,,sequential,20,false,1000,0,459.15,21.499755,466.95,23.972517,0.45915,0.0215,15.42851,7.206152,12.42851,7.206152,0.45947,0.02146,0.92044,0.042895
G3b 처리 시간 차이 · 연속 도착,TA=2 AB rho=0.5,,2,2,0.5,0.25,AB,MA,,,,immediate,20,false,1000,0,244.05,18.474663,245.25,18.538367,0.24405,0.018475,5.144712,0.218839,1.144712,0.218839,0.48925,0.036951,0.48862,0.036773
G3b 처리 시간 차이 · 연속 도착,TA=2 AB rho=0.5,,2,2,0.5,0.25,AB,MA,,,,sequential,20,false,1000,0,243.9,18.510026,245.25,18.538367,0.2439,0.01851,5.058047,0.200056,1.058047,0.200056,0.48939,0.036883,0.488305,0.0368
G3b 처리 시간 차이 · 연속 도착,TA=2 AB rho=0.5 first=MB,,2,2,0.5,0.25,AB,MB,,,,immediate,20,false,1000,0,244.05,18.474663,245.25,18.538367,0.24405,0.018475,5.144712,0.218839,1.144712,0.218839,0.48862,0.036773,0.48925,0.036951
G3b 처리 시간 차이 · 연속 도착,TA=2 AB rho=0.5 first=MB,,2,2,0.5,0.25,AB,MB,,,,sequential,20,false,1000,0,243.9,18.510026,245.25,18.538367,0.2439,0.01851,5.058047,0.200056,1.058047,0.200056,0.48939,0.036883,0.488305,0.0368
G3b 처리 시간 차이 · 연속 도착,TA=2 AB rho=0.8,,2,2,0.8,0.4,AB,MA,,,,immediate,20,false,1000,0,391.25,23.514553,394.7,24.089963,0.39125,0.023515,8.41487,1.7927,4.41487,1.7927,0.78499,0.047336,0.78432,0.047133
G3b 처리 시간 차이 · 연속 도착,TA=2 AB rho=0.8,,2,2,0.8,0.4,AB,MA,,,,sequential,20,false,1000,0,391.35,23.510972,394.7,24.089963,0.39135,0.023511,8.326212,1.799127,4.326212,1.799127,0.7853,0.047443,0.783485,0.047248
G3b 처리 시간 차이 · 연속 도착,TA=2 AB rho=0.8 first=MB,,2,2,0.8,0.4,AB,MB,,,,immediate,20,false,1000,0,391.25,23.514553,394.7,24.089963,0.39125,0.023515,8.41487,1.7927,4.41487,1.7927,0.78432,0.047133,0.78499,0.047336
G3b 처리 시간 차이 · 연속 도착,TA=2 AB rho=0.8 first=MB,,2,2,0.8,0.4,AB,MB,,,,sequential,20,false,1000,0,391.35,23.510972,394.7,24.089963,0.39135,0.023511,8.326212,1.799127,4.326212,1.799127,0.7853,0.047443,0.783485,0.047248
G3b 처리 시간 차이 · 연속 도착,TA=2 AB rho=0.95,,2,2,0.95,0.475,AB,MA,,,,immediate,20,false,1000,0,458.75,21.329187,466.95,23.972517,0.45875,0.021329,16.501456,7.164397,12.501456,7.164397,0.920105,0.042871,0.9195,0.042887
G3b 처리 시간 차이 · 연속 도착,TA=2 AB rho=0.95,,2,2,0.95,0.475,AB,MA,,,,sequential,20,false,1000,0,458.85,21.428645,466.95,23.972517,0.45885,0.021429,16.42698,7.206021,12.42698,7.206021,0.92044,0.042895,0.91848,0.042862
G3b 처리 시간 차이 · 연속 도착,TA=2 AB rho=0.95 first=MB,,2,2,0.95,0.475,AB,MB,,,,immediate,20,false,1000,0,458.75,21.329187,466.95,23.972517,0.45875,0.021329,16.501456,7.164397,12.501456,7.164397,0.9195,0.042887,0.920105,0.042871
G3b 처리 시간 차이 · 연속 도착,TA=2 AB rho=0.95 first=MB,,2,2,0.95,0.475,AB,MB,,,,sequential,20,false,1000,0,458.85,21.428645,466.95,23.972517,0.45885,0.021429,16.42698,7.206021,12.42698,7.206021,0.92044,0.042895,0.91848,0.042862
G3b 처리 시간 차이 · 연속 도착,TA=2 BA rho=0.5,,2,2,0.5,0.25,BA,MA,,,,immediate,20,false,1000,0,244.05,18.474663,245.25,18.538367,0.24405,0.018475,5.144712,0.218839,1.144712,0.218839,0.48925,0.036951,0.48862,0.036773
G3b 처리 시간 차이 · 연속 도착,TA=2 BA rho=0.5,,2,2,0.5,0.25,BA,MA,,,,sequential,20,false,1000,0,243.9,18.510026,245.25,18.538367,0.2439,0.01851,5.058047,0.200056,1.058047,0.200056,0.488305,0.0368,0.48939,0.036883
G3b 처리 시간 차이 · 연속 도착,TA=2 BA rho=0.8,,2,2,0.8,0.4,BA,MA,,,,immediate,20,false,1000,0,391.25,23.514553,394.7,24.089963,0.39125,0.023515,8.41487,1.7927,4.41487,1.7927,0.78499,0.047336,0.78432,0.047133
G3b 처리 시간 차이 · 연속 도착,TA=2 BA rho=0.8,,2,2,0.8,0.4,BA,MA,,,,sequential,20,false,1000,0,391.35,23.510972,394.7,24.089963,0.39135,0.023511,8.326212,1.799127,4.326212,1.799127,0.783485,0.047248,0.7853,0.047443
G3b 처리 시간 차이 · 연속 도착,TA=2 BA rho=0.95,,2,2,0.95,0.475,BA,MA,,,,immediate,20,false,1000,0,458.75,21.329187,466.95,23.972517,0.45875,0.021329,16.501456,7.164397,12.501456,7.164397,0.920105,0.042871,0.9195,0.042887
G3b 처리 시간 차이 · 연속 도착,TA=2 BA rho=0.95,,2,2,0.95,0.475,BA,MA,,,,sequential,20,false,1000,0,458.85,21.428645,466.95,23.972517,0.45885,0.021429,16.42698,7.206021,12.42698,7.206021,0.91848,0.042862,0.92044,0.042895
G3b 처리 시간 차이 · 연속 도착,TA=3 AB rho=0.5,,3,2,0.5,0.16666666666666666,AB,MA,,,,immediate,20,false,1000,0,161.7,11.832604,162.7,12.18325,0.1617,0.011833,6.047127,0.271192,1.047127,0.271192,0.486235,0.03587,0.324495,0.024158
G3b 처리 시간 차이 · 연속 도착,TA=3 AB rho=0.5,,3,2,0.5,0.16666666666666666,AB,MA,,,,sequential,20,false,1000,0,161.65,11.739609,162.7,12.18325,0.16165,0.01174,6.44758,0.368017,1.44758,0.368017,0.486455,0.035829,0.323645,0.023719
G3b 처리 시간 차이 · 연속 도착,TA=3 AB rho=0.5 first=MB,,3,2,0.5,0.16666666666666666,AB,MB,,,,immediate,20,false,1000,0,161.7,11.832604,162.7,12.18325,0.1617,0.011833,6.310566,0.315206,1.310566,0.315206,0.48601,0.035818,0.32474,0.024119
G3b 처리 시간 차이 · 연속 도착,TA=3 AB rho=0.5 first=MB,,3,2,0.5,0.16666666666666666,AB,MB,,,,sequential,20,false,1000,0,161.65,11.739609,162.7,12.18325,0.16165,0.01174,6.44758,0.368017,1.44758,0.368017,0.486455,0.035829,0.323645,0.023719
G3b 처리 시간 차이 · 연속 도착,TA=3 AB rho=0.8,,3,2,0.8,0.26666666666666666,AB,MA,,,,immediate,20,false,1000,0,257.75,18.856452,260.4,18.686894,0.25775,0.018856,9.42069,1.949168,4.42069,1.949168,0.77475,0.056553,0.51927,0.03721
G3b 처리 시간 차이 · 연속 도착,TA=3 AB rho=0.8,,3,2,0.8,0.26666666666666666,AB,MA,,,,sequential,20,false,1000,0,257.35,18.999377,260.4,18.686894,0.25735,0.018999,10.295939,1.987778,5.295939,1.987778,0.77519,0.05679,0.515375,0.037814
G3b 처리 시간 차이 · 연속 도착,TA=3 AB rho=0.8 first=MB,,3,2,0.8,0.26666666666666666,AB,MB,,,,immediate,20,false,1000,0,257.65,18.860359,260.4,18.686894,0.25765,0.01886,9.831471,1.921152,4.831471,1.921152,0.77415,0.056685,0.51948,0.037202
G3b 처리 시간 차이 · 연속 도착,TA=3 AB rho=0.8 first=MB,,3,2,0.8,0.26666666666666666,AB,MB,,,,sequential,20,false,1000,0,257.35,18.999377,260.4,18.686894,0.25735,0.018999,10.295939,1.987778,5.295939,1.987778,0.77519,0.05679,0.515375,0.037814
G3b 처리 시간 차이 · 연속 도착,TA=3 AB rho=0.95,,3,2,0.95,0.31666666666666665,AB,MA,,,,immediate,20,false,1000,0,301.9,15.983215,310,19.566351,0.3019,0.015983,19.864718,12.91597,14.864718,12.91597,0.907445,0.048105,0.6181,0.038277
G3b 처리 시간 차이 · 연속 도착,TA=3 AB rho=0.95,,3,2,0.95,0.31666666666666665,AB,MA,,,,sequential,20,false,1000,0,301.5,16.126147,310,19.566351,0.3015,0.016126,21.078774,12.83736,16.078774,12.83736,0.907935,0.04814,0.60368,0.032053
G3b 처리 시간 차이 · 연속 도착,TA=3 AB rho=0.95 first=MB,,3,2,0.95,0.31666666666666665,AB,MB,,,,immediate,20,false,1000,0,301.8,15.883126,310,19.566351,0.3018,0.015883,20.421583,12.936502,15.421583,12.936502,0.906875,0.047984,0.61814,0.038271
G3b 처리 시간 차이 · 연속 도착,TA=3 AB rho=0.95 first=MB,,3,2,0.95,0.31666666666666665,AB,MB,,,,sequential,20,false,1000,0,301.5,16.126147,310,19.566351,0.3015,0.016126,21.078774,12.83736,16.078774,12.83736,0.907935,0.04814,0.60368,0.032053
G3b 처리 시간 차이 · 연속 도착,TA=3 BA rho=0.5,,3,2,0.5,0.16666666666666666,BA,MA,,,,immediate,20,false,1000,0,161.7,11.832604,162.7,12.18325,0.1617,0.011833,6.047127,0.271192,1.047127,0.271192,0.486235,0.03587,0.324495,0.024158
G3b 처리 시간 차이 · 연속 도착,TA=3 BA rho=0.5,,3,2,0.5,0.16666666666666666,BA,MA,,,,sequential,20,false,1000,0,161.65,11.739609,162.7,12.18325,0.16165,0.01174,6.44758,0.368017,1.44758,0.368017,0.485685,0.035584,0.324855,0.02413
G3b 처리 시간 차이 · 연속 도착,TA=3 BA rho=0.8,,3,2,0.8,0.26666666666666666,BA,MA,,,,immediate,20,false,1000,0,257.75,18.856452,260.4,18.686894,0.25775,0.018856,9.42069,1.949168,4.42069,1.949168,0.77475,0.056553,0.51927,0.03721
G3b 처리 시간 차이 · 연속 도착,TA=3 BA rho=0.8,,3,2,0.8,0.26666666666666666,BA,MA,,,,sequential,20,false,1000,0,257.35,18.999377,260.4,18.686894,0.25735,0.018999,10.295939,1.987778,5.295939,1.987778,0.77341,0.056729,0.51965,0.037209
G3b 처리 시간 차이 · 연속 도착,TA=3 BA rho=0.95,,3,2,0.95,0.31666666666666665,BA,MA,,,,immediate,20,false,1000,0,301.9,15.983215,310,19.566351,0.3019,0.015983,19.864718,12.91597,14.864718,12.91597,0.907445,0.048105,0.6181,0.038277
G3b 처리 시간 차이 · 연속 도착,TA=3 BA rho=0.95,,3,2,0.95,0.31666666666666665,BA,MA,,,,sequential,20,false,1000,0,301.5,16.126147,310,19.566351,0.3015,0.016126,21.078774,12.83736,16.078774,12.83736,0.905975,0.048178,0.61826,0.038211
G3b 처리 시간 차이 · 연속 도착,TA=4 AB rho=0.5,,4,2,0.5,0.125,AB,MA,,,,immediate,20,false,1000,0,122.25,12.069426,122.95,11.98892,0.12225,0.012069,7.303483,0.449934,1.303483,0.449934,0.48991,0.048171,0.24541,0.024341
G3b 처리 시간 차이 · 연속 도착,TA=4 AB rho=0.5,,4,2,0.5,0.125,AB,MA,,,,sequential,20,false,1000,0,122.05,11.99331,122.95,11.98892,0.12205,0.011993,7.913697,0.55203,1.913697,0.55203,0.49001,0.04824,0.24442,0.024049
G3b 처리 시간 차이 · 연속 도착,TA=4 AB rho=0.5 first=MB,,4,2,0.5,0.125,AB,MB,,,,immediate,20,false,1000,0,122.15,12.092951,122.95,11.98892,0.12215,0.012093,7.768646,0.512359,1.768646,0.512359,0.489505,0.048321,0.245525,0.024206
G3b 처리 시간 차이 · 연속 도착,TA=4 AB rho=0.5 first=MB,,4,2,0.5,0.125,AB,MB,,,,sequential,20,false,1000,0,122.05,11.99331,122.95,11.98892,0.12205,0.011993,7.913697,0.55203,1.913697,0.55203,0.49001,0.04824,0.24442,0.024049
G3b 처리 시간 차이 · 연속 도착,TA=4 AB rho=0.8,,4,2,0.8,0.2,AB,MA,,,,immediate,20,false,1000,0,191.1,15.488196,193.8,15.783402,0.1911,0.015488,11.997899,4.822613,5.997899,4.822613,0.76693,0.061817,0.386435,0.03161
G3b 처리 시간 차이 · 연속 도착,TA=4 AB rho=0.8,,4,2,0.8,0.2,AB,MA,,,,sequential,20,false,1000,0,191,15.451111,193.8,15.783402,0.191,0.015451,13.101893,4.995397,7.101893,4.995397,0.767015,0.061765,0.38243,0.03088
G3b 처리 시간 차이 · 연속 도착,TA=4 AB rho=0.8 first=MB,,4,2,0.8,0.2,AB,MB,,,,immediate,20,false,1000,0,191,15.451111,193.8,15.783402,0.191,0.015451,12.74503,4.989228,6.74503,4.989228,0.76615,0.061975,0.38663,0.031422
G3b 처리 시간 차이 · 연속 도착,TA=4 AB rho=0.8 first=MB,,4,2,0.8,0.2,AB,MB,,,,sequential,20,false,1000,0,191,15.451111,193.8,15.783402,0.191,0.015451,13.101893,4.995397,7.101893,4.995397,0.767015,0.061765,0.38243,0.03088
G3b 처리 시간 차이 · 연속 도착,TA=4 AB rho=0.95,,4,2,0.95,0.2375,AB,MA,,,,immediate,20,false,1000,0,225.6,14.50372,232.9,17.268468,0.2256,0.014504,25.36509,14.730229,19.36509,14.730229,0.904265,0.058169,0.464975,0.034703
G3b 처리 시간 차이 · 연속 도착,TA=4 AB rho=0.95,,4,2,0.95,0.2375,AB,MA,,,,sequential,20,false,1000,0,224.95,14.565551,232.9,17.268468,0.22495,0.014566,26.786116,14.834772,20.786116,14.834772,0.904275,0.058172,0.450735,0.029119
G3b 처리 시간 차이 · 연속 도착,TA=4 AB rho=0.95 first=MB,,4,2,0.95,0.2375,AB,MB,,,,immediate,20,false,1000,0,225.2,14.663237,232.9,17.268468,0.2252,0.014663,26.286908,14.972979,20.286908,14.972979,0.90304,0.058202,0.465065,0.03476
G3b 처리 시간 차이 · 연속 도착,TA=4 AB rho=0.95 first=MB,,4,2,0.95,0.2375,AB,MB,,,,sequential,20,false,1000,0,224.95,14.565551,232.9,17.268468,0.22495,0.014566,26.786116,14.834772,20.786116,14.834772,0.904275,0.058172,0.450735,0.029119
G3b 처리 시간 차이 · 연속 도착,TA=4 BA rho=0.5,,4,2,0.5,0.125,BA,MA,,,,immediate,20,false,1000,0,122.25,12.069426,122.95,11.98892,0.12225,0.012069,7.303483,0.449934,1.303483,0.449934,0.48991,0.048171,0.24541,0.024341
G3b 처리 시간 차이 · 연속 도착,TA=4 BA rho=0.5,,4,2,0.5,0.125,BA,MA,,,,sequential,20,false,1000,0,122.05,11.99331,122.95,11.98892,0.12205,0.011993,7.913697,0.55203,1.913697,0.55203,0.48914,0.048198,0.245605,0.02419
G3b 처리 시간 차이 · 연속 도착,TA=4 BA rho=0.8,,4,2,0.8,0.2,BA,MA,,,,immediate,20,false,1000,0,191.1,15.488196,193.8,15.783402,0.1911,0.015488,11.997899,4.822613,5.997899,4.822613,0.76693,0.061817,0.386435,0.03161
G3b 처리 시간 차이 · 연속 도착,TA=4 BA rho=0.8,,4,2,0.8,0.2,BA,MA,,,,sequential,20,false,1000,0,191,15.451111,193.8,15.783402,0.191,0.015451,13.101893,4.995397,7.101893,4.995397,0.76558,0.061799,0.386765,0.031465
G3b 처리 시간 차이 · 연속 도착,TA=4 BA rho=0.95,,4,2,0.95,0.2375,BA,MA,,,,immediate,20,false,1000,0,225.6,14.50372,232.9,17.268468,0.2256,0.014504,25.36509,14.730229,19.36509,14.730229,0.904265,0.058169,0.464975,0.034703
G3b 처리 시간 차이 · 연속 도착,TA=4 BA rho=0.95,,4,2,0.95,0.2375,BA,MA,,,,sequential,20,false,1000,0,224.95,14.565551,232.9,17.268468,0.22495,0.014566,26.786116,14.834772,20.786116,14.834772,0.90233,0.058205,0.465155,0.034667
G3b 처리 시간 차이 · 연속 도착,TA=8 AB rho=0.5,,8,2,0.5,0.0625,AB,MA,,,,immediate,20,false,1000,0,62.5,8.744923,63.05,8.899882,0.0625,0.008745,13.161492,1.853227,3.161492,1.853227,0.50162,0.070063,0.12537,0.017558
G3b 처리 시간 차이 · 연속 도착,TA=8 AB rho=0.5,,8,2,0.5,0.0625,AB,MA,,,,sequential,20,false,1000,0,62.5,8.744923,63.05,8.899882,0.0625,0.008745,13.96125,2.016709,3.96125,2.016709,0.501685,0.070132,0.12504,0.017459
G3b 처리 시간 차이 · 연속 도착,TA=8 AB rho=0.5 first=MB,,8,2,0.5,0.0625,AB,MB,,,,immediate,20,false,1000,0,62.5,8.744923,63.05,8.899882,0.0625,0.008745,13.868169,1.984388,3.868169,1.984388,0.50091,0.069873,0.125845,0.01773
G3b 처리 시간 차이 · 연속 도착,TA=8 AB rho=0.5 first=MB,,8,2,0.5,0.0625,AB,MB,,,,sequential,20,false,1000,0,62.5,8.744923,63.05,8.899882,0.0625,0.008745,13.96125,2.016709,3.96125,2.016709,0.501685,0.070132,0.12504,0.017459
G3b 처리 시간 차이 · 연속 도착,TA=8 AB rho=0.8,,8,2,0.8,0.1,AB,MA,,,,immediate,20,false,1000,0,96.1,10.982762,98.25,11.461032,0.0961,0.010983,22.186863,9.300462,12.186863,9.300462,0.77154,0.08692,0.19586,0.022915
G3b 처리 시간 차이 · 연속 도착,TA=8 AB rho=0.8,,8,2,0.8,0.1,AB,MA,,,,sequential,20,false,1000,0,95.85,10.922093,98.25,11.461032,0.09585,0.010922,23.546965,9.446155,13.546965,9.446155,0.77165,0.08698,0.191855,0.021902
G3b 처리 시간 차이 · 연속 도착,TA=8 AB rho=0.8 first=MB,,8,2,0.8,0.1,AB,MB,,,,immediate,20,false,1000,0,95.9,10.992342,98.25,11.461032,0.0959,0.010992,23.248211,9.312528,13.248211,9.312528,0.770285,0.087264,0.196185,0.022803
G3b 처리 시간 차이 · 연속 도착,TA=8 AB rho=0.8 first=MB,,8,2,0.8,0.1,AB,MB,,,,sequential,20,false,1000,0,95.85,10.922093,98.25,11.461032,0.09585,0.010922,23.546965,9.446155,13.546965,9.446155,0.77165,0.08698,0.191855,0.021902
G3b 처리 시간 차이 · 연속 도착,TA=8 AB rho=0.95,,8,2,0.95,0.11875,AB,MA,,,,immediate,20,false,1000,0,110.45,9.859406,117.65,11.617931,0.11045,0.009859,40.245622,19.500243,30.245622,19.500243,0.88689,0.079237,0.235025,0.023173
G3b 처리 시간 차이 · 연속 도착,TA=8 AB rho=0.95,,8,2,0.95,0.11875,AB,MA,,,,sequential,20,false,1000,0,110.1,9.893645,117.65,11.617931,0.1101,0.009894,41.750948,19.624099,31.750948,19.624099,0.88709,0.079153,0.220535,0.019697
G3b 처리 시간 차이 · 연속 도착,TA=8 AB rho=0.95 first=MB,,8,2,0.95,0.11875,AB,MB,,,,immediate,20,false,1000,0,110.25,9.81339,117.65,11.617931,0.11025,0.009813,41.385254,19.496445,31.385254,19.496445,0.885675,0.079258,0.235125,0.023172
G3b 처리 시간 차이 · 연속 도착,TA=8 AB rho=0.95 first=MB,,8,2,0.95,0.11875,AB,MB,,,,sequential,20,false,1000,0,110.1,9.893645,117.65,11.617931,0.1101,0.009894,41.750948,19.624099,31.750948,19.624099,0.88709,0.079153,0.220535,0.019697
G3b 처리 시간 차이 · 연속 도착,TA=8 BA rho=0.5,,8,2,0.5,0.0625,BA,MA,,,,immediate,20,false,1000,0,62.5,8.744923,63.05,8.899882,0.0625,0.008745,13.161492,1.853227,3.161492,1.853227,0.50162,0.070063,0.12537,0.017558
G3b 처리 시간 차이 · 연속 도착,TA=8 BA rho=0.5,,8,2,0.5,0.0625,BA,MA,,,,sequential,20,false,1000,0,62.5,8.744923,63.05,8.899882,0.0625,0.008745,13.96125,2.016709,3.96125,2.016709,0.50091,0.069873,0.125845,0.01773
G3b 처리 시간 차이 · 연속 도착,TA=8 BA rho=0.8,,8,2,0.8,0.1,BA,MA,,,,immediate,20,false,1000,0,96.1,10.982762,98.25,11.461032,0.0961,0.010983,22.186863,9.300462,12.186863,9.300462,0.77154,0.08692,0.19586,0.022915
G3b 처리 시간 차이 · 연속 도착,TA=8 BA rho=0.8,,8,2,0.8,0.1,BA,MA,,,,sequential,20,false,1000,0,95.85,10.922093,98.25,11.461032,0.09585,0.010922,23.546965,9.446155,13.546965,9.446155,0.76999,0.087226,0.196215,0.022806
G3b 처리 시간 차이 · 연속 도착,TA=8 BA rho=0.95,,8,2,0.95,0.11875,BA,MA,,,,immediate,20,false,1000,0,110.45,9.859406,117.65,11.617931,0.11045,0.009859,40.245622,19.500243,30.245622,19.500243,0.88689,0.079237,0.235025,0.023173
G3b 처리 시간 차이 · 연속 도착,TA=8 BA rho=0.95,,8,2,0.95,0.11875,BA,MA,,,,sequential,20,false,1000,0,110.1,9.893645,117.65,11.617931,0.1101,0.009894,41.750948,19.624099,31.750948,19.624099,0.88509,0.079153,0.235125,0.023172
G4a 처리 시간 무작위성 · 일괄,fixed TA=2 TB=2,20,2,2,,,,,fixed,,,immediate,1,true,40,0,20,0,20,0,0.5,0,22,0,18,0,1,0,1,0
G4a 처리 시간 무작위성 · 일괄,fixed TA=2 TB=2,20,2,2,,,,,fixed,,,sequential,1,true,42,0,20,0,20,0,0.47619,0,23,0,19,0,0.952381,0,0.952381,0
G4a 처리 시간 무작위성 · 일괄,exp TA=2 TB=2,20,2,2,,,,,exp,,,immediate,20,true,45.825,8.839676,20,0,20,0,0.451574,0.084819,26.12075,5.667767,22.00875,5.103393,0.928434,0.135056,0.875848,0.174418
G4a 처리 시간 무작위성 · 일괄,exp TA=2 TB=2,20,2,2,,,,,exp,,,sequential,20,true,51.49,9.804505,20,0,20,0,0.402726,0.081089,29.303,6.291127,25.191,5.659884,0.827527,0.133667,0.778089,0.157507
G4a 처리 시간 무작위성 · 일괄,normal-0.25 TA=2 TB=2,20,2,2,,,,,normal-0.25,,,immediate,20,true,42.48,1.539173,20,0,20,0,0.471394,0.016971,23.26,1.082512,19.1195,0.960886,0.966552,0.035995,0.983291,0.030107
G4a 처리 시간 무작위성 · 일괄,normal-0.25 TA=2 TB=2,20,2,2,,,,,normal-0.25,,,sequential,20,true,45.62,1.879978,20,0,20,0,0.439104,0.017899,25.1535,1.19821,21.013,1.090569,0.900163,0.032855,0.91586,0.030849
G4a 처리 시간 무작위성 · 일괄,normal-0.5 TA=2 TB=2,20,2,2,,,,,normal-0.5,,,immediate,20,true,44.035,2.935674,20,0,20,0,0.456113,0.030513,23.934,2.049667,19.7365,1.834532,0.938706,0.064836,0.968848,0.056243
G4a 처리 시간 무작위성 · 일괄,normal-0.5 TA=2 TB=2,20,2,2,,,,,normal-0.5,,,sequential,20,true,48.22,3.811699,20,0,20,0,0.417192,0.032422,26.747,2.41524,22.5495,2.207569,0.858013,0.060451,0.885804,0.057116
G4a 처리 시간 무작위성 · 일괄,fixed TA=1 TB=2,20,1,2,,,,,fixed,,,immediate,1,true,40,0,20,0,20,0,0.5,0,21.05,0,18.05,0,0.5,0,1,0
G4a 처리 시간 무작위성 · 일괄,fixed TA=1 TB=2,20,1,2,,,,,fixed,,,sequential,1,true,41,0,20,0,20,0,0.487805,0,22,0,19,0,0.487805,0,0.97561,0
G4a 처리 시간 무작위성 · 일괄,exp TA=1 TB=2,20,1,2,,,,,exp,,,immediate,20,true,39.97,8.755155,20,0,20,0,0.527356,0.134598,21.66475,4.520447,18.594,4.049409,0.56897,0.182914,0.987674,0.049842
G4a 처리 시간 무작위성 · 일괄,exp TA=1 TB=2,20,1,2,,,,,exp,,,sequential,20,true,42.14,9.074568,20,0,20,0,0.500433,0.132156,23.33275,4.578739,20.262,4.073895,0.537025,0.163946,0.939045,0.079735
G4a 처리 시간 무작위성 · 일괄,normal-0.25 TA=1 TB=2,20,1,2,,,,,normal-0.25,,,immediate,20,true,41.755,1.63658,20,0,20,0,0.479677,0.018613,21.75275,0.965816,18.6125,0.888367,0.504699,0.029747,1,0
G4a 처리 시간 무작위성 · 일괄,normal-0.25 TA=1 TB=2,20,1,2,,,,,normal-0.25,,,sequential,20,true,42.925,1.653664,20,0,20,0,0.466576,0.017707,22.8255,0.958356,19.68525,0.879929,0.490889,0.028148,0.972733,0.005778
G4a 처리 시간 무작위성 · 일괄,normal-0.5 TA=1 TB=2,20,1,2,,,,,normal-0.5,,,immediate,20,true,42.62,3.335392,20,0,20,0,0.471965,0.036474,22.01525,1.905651,18.82525,1.751617,0.499493,0.059108,1,0
G4a 처리 시간 무작위성 · 일괄,normal-0.5 TA=1 TB=2,20,1,2,,,,,normal-0.5,,,sequential,20,true,44.09,3.328015,20,0,20,0,0.456019,0.033597,23.31325,1.910435,20.12325,1.752934,0.482366,0.053281,0.966543,0.014055
G4b 처리 시간 무작위성 · 연속 도착,fixed TA=2 TB=2 rho=0.5,,2,2,0.5,,,,fixed,,,immediate,20,false,1000,0,244.05,18.474663,245.25,18.538367,0.24405,0.018475,5.144712,0.218839,1.144712,0.218839,0.48925,0.036951,0.48862,0.036773
G4b 처리 시간 무작위성 · 연속 도착,fixed TA=2 TB=2 rho=0.5,,2,2,0.5,,,,fixed,,,sequential,20,false,1000,0,243.9,18.510026,245.25,18.538367,0.2439,0.01851,5.058047,0.200056,1.058047,0.200056,0.48939,0.036883,0.488305,0.0368
G4b 처리 시간 무작위성 · 연속 도착,fixed TA=2 TB=2 rho=0.8,,2,2,0.8,,,,fixed,,,immediate,20,false,1000,0,391.25,23.514553,394.7,24.089963,0.39125,0.023515,8.41487,1.7927,4.41487,1.7927,0.78499,0.047336,0.78432,0.047133
G4b 처리 시간 무작위성 · 연속 도착,fixed TA=2 TB=2 rho=0.8,,2,2,0.8,,,,fixed,,,sequential,20,false,1000,0,391.35,23.510972,394.7,24.089963,0.39135,0.023511,8.326212,1.799127,4.326212,1.799127,0.7853,0.047443,0.783485,0.047248
G4b 처리 시간 무작위성 · 연속 도착,fixed TA=2 TB=2 rho=0.95,,2,2,0.95,,,,fixed,,,immediate,20,false,1000,0,458.75,21.329187,466.95,23.972517,0.45875,0.021329,16.501456,7.164397,12.501456,7.164397,0.920105,0.042871,0.9195,0.042887
G4b 처리 시간 무작위성 · 연속 도착,fixed TA=2 TB=2 rho=0.95,,2,2,0.95,,,,fixed,,,sequential,20,false,1000,0,458.85,21.428645,466.95,23.972517,0.45885,0.021429,16.42698,7.206021,12.42698,7.206021,0.92044,0.042895,0.91848,0.042862
G4b 처리 시간 무작위성 · 연속 도착,exp TA=2 TB=2 rho=0.5,,2,2,0.5,,,,exp,,,immediate,20,false,1000,0,243.45,18.274155,245.25,18.538367,0.24345,0.018274,6.912799,0.429727,2.806353,0.393117,0.50435,0.054787,0.498675,0.040668
G4b 처리 시간 무작위성 · 연속 도착,exp TA=2 TB=2 rho=0.5,,2,2,0.5,,,,exp,,,sequential,20,false,1000,0,242.95,18.051024,245.25,18.538367,0.24295,0.018051,8.127023,0.665511,4.018686,0.612638,0.5045,0.054824,0.49742,0.040364
G4b 처리 시간 무작위성 · 연속 도착,exp TA=2 TB=2 rho=0.8,,2,2,0.8,,,,exp,,,immediate,20,false,1000,0,388.8,23.578759,394.7,24.089963,0.3888,0.023579,16.996562,7.860681,12.876827,7.810397,0.80292,0.073063,0.807935,0.056829
G4b 처리 시간 무작위성 · 연속 도착,exp TA=2 TB=2 rho=0.8,,2,2,0.8,,,,exp,,,sequential,20,false,1000,0,386.4,23.849087,394.7,24.089963,0.3864,0.023849,22.613806,11.496758,18.492936,11.446627,0.803225,0.073195,0.79862,0.056662
G4b 처리 시간 무작위성 · 연속 도착,exp TA=2 TB=2 rho=0.95,,2,2,0.95,,,,exp,,,immediate,20,false,1000,0,443.55,19.816195,466.95,23.972517,0.44355,0.019816,35.707733,18.393995,31.595014,18.35701,0.92269,0.056441,0.92699,0.047635
G4b 처리 시간 무작위성 · 연속 도착,exp TA=2 TB=2 rho=0.95,,2,2,0.95,,,,exp,,,sequential,20,false,1000,0,435.2,18.690273,466.95,23.972517,0.4352,0.01869,47.003029,21.573611,42.88709,21.529042,0.922805,0.056473,0.89663,0.052832
G4b 처리 시간 무작위성 · 연속 도착,normal-0.25 TA=2 TB=2 rho=0.5,,2,2,0.5,,,,normal-0.25,,,immediate,20,false,1000,0,243.95,18.360355,245.25,18.538367,0.24395,0.01836,5.402255,0.213666,1.301992,0.221319,0.501995,0.036517,0.49996,0.036633
G4b 처리 시간 무작위성 · 연속 도착,normal-0.25 TA=2 TB=2 rho=0.5,,2,2,0.5,,,,normal-0.25,,,sequential,20,false,1000,0,243.8,18.39794,245.25,18.538367,0.2438,0.018398,5.597682,0.258807,1.497307,0.269449,0.50214,0.036589,0.499465,0.036603
G4b 처리 시간 무작위성 · 연속 도착,normal-0.25 TA=2 TB=2 rho=0.8,,2,2,0.8,,,,normal-0.25,,,immediate,20,false,1000,0,390.85,23.265685,394.7,24.089963,0.39085,0.023266,9.625688,2.591997,5.527564,2.590196,0.805685,0.046636,0.80052,0.049371
G4b 처리 시간 무작위성 · 연속 도착,normal-0.25 TA=2 TB=2 rho=0.8,,2,2,0.8,,,,normal-0.25,,,sequential,20,false,1000,0,390.3,23.330802,394.7,24.089963,0.3903,0.023331,10.603416,2.801536,6.505789,2.80077,0.806045,0.046762,0.798565,0.049452
G4b 처리 시간 무작위성 · 연속 도착,normal-0.25 TA=2 TB=2 rho=0.95,,2,2,0.95,,,,normal-0.25,,,immediate,20,false,1000,0,454.35,19.040884,466.95,23.972517,0.45435,0.019041,21.302807,9.29387,17.204857,9.293625,0.936685,0.036652,0.93466,0.042138
G4b 처리 시간 무작위성 · 연속 도착,normal-0.25 TA=2 TB=2 rho=0.95,,2,2,0.95,,,,normal-0.25,,,sequential,20,false,1000,0,452.55,18.337408,466.95,23.972517,0.45255,0.018337,23.920888,10.372611,19.823598,10.375709,0.937025,0.036613,0.92536,0.03951
G4b 처리 시간 무작위성 · 연속 도착,normal-0.5 TA=2 TB=2 rho=0.5,,2,2,0.5,,,,normal-0.5,,,immediate,20,false,1000,0,243.75,18.470104,245.25,18.538367,0.24375,0.01847,5.660281,0.269601,1.54233,0.257085,0.50461,0.038519,0.50151,0.037872
G4b 처리 시간 무작위성 · 연속 도착,normal-0.5 TA=2 TB=2 rho=0.5,,2,2,0.5,,,,normal-0.5,,,sequential,20,false,1000,0,243.55,18.314432,245.25,18.538367,0.24355,0.018314,6.138343,0.339932,2.019446,0.344919,0.504705,0.038545,0.50082,0.037739
G4b 처리 시간 무작위성 · 연속 도착,normal-0.5 TA=2 TB=2 rho=0.8,,2,2,0.8,,,,normal-0.5,,,immediate,20,false,1000,0,390.3,23.432097,394.7,24.089963,0.3903,0.023432,10.984397,3.25025,6.869486,3.239502,0.810435,0.049178,0.80163,0.053227
G4b 처리 시간 무작위성 · 연속 도착,normal-0.5 TA=2 TB=2 rho=0.8,,2,2,0.8,,,,normal-0.5,,,sequential,20,false,1000,0,389.6,23.161674,394.7,24.089963,0.3896,0.023162,12.99074,3.695191,8.876027,3.685408,0.81064,0.049181,0.79844,0.052763
G4b 처리 시간 무작위성 · 연속 도착,normal-0.5 TA=2 TB=2 rho=0.95,,2,2,0.95,,,,normal-0.5,,,immediate,20,false,1000,0,451.35,18.759629,466.95,23.972517,0.45135,0.01876,25.280879,10.394028,21.166384,10.385033,0.93718,0.03426,0.934855,0.044658
G4b 처리 시간 무작위성 · 연속 도착,normal-0.5 TA=2 TB=2 rho=0.95,,2,2,0.95,,,,normal-0.5,,,sequential,20,false,1000,0,447.7,17.256883,466.95,23.972517,0.4477,0.017257,30.088724,12.321487,25.9736,12.316732,0.937605,0.034363,0.916985,0.043921
G4b 처리 시간 무작위성 · 연속 도착,fixed TA=1 TB=2 rho=0.5,,1,2,0.5,,,,fixed,,,immediate,20,false,1000,0,244.2,18.455066,245.25,18.538367,0.2442,0.018455,3.978025,0.192111,0.978025,0.192111,0.244985,0.018551,0.488935,0.036786
G4b 처리 시간 무작위성 · 연속 도착,fixed TA=1 TB=2 rho=0.5,,1,2,0.5,,,,fixed,,,sequential,20,false,1000,0,244.2,18.343506,245.25,18.538367,0.2442,0.018344,4.057464,0.200209,1.057464,0.200209,0.24504,0.018517,0.488835,0.036779
G4b 처리 시간 무작위성 · 연속 도착,fixed TA=1 TB=2 rho=0.8,,1,2,0.8,,,,fixed,,,immediate,20,false,1000,0,391.95,23.669823,394.7,24.089963,0.39195,0.02367,7.114037,1.803794,4.114037,1.803794,0.394455,0.024325,0.784655,0.047298
G4b 처리 시간 무작위성 · 연속 도착,fixed TA=1 TB=2 rho=0.8,,1,2,0.8,,,,fixed,,,sequential,20,false,1000,0,391.8,23.614447,394.7,24.089963,0.3918,0.023614,7.325517,1.798857,4.325517,1.798857,0.394465,0.024329,0.784385,0.04741
G4b 처리 시간 무작위성 · 연속 도착,fixed TA=1 TB=2 rho=0.95,,1,2,0.95,,,,fixed,,,immediate,20,false,1000,0,459.45,21.438959,466.95,23.972517,0.45945,0.021439,15.153065,7.216462,12.153065,7.216462,0.466205,0.024039,0.919795,0.042915
G4b 처리 시간 무작위성 · 연속 도착,fixed TA=1 TB=2 rho=0.95,,1,2,0.95,,,,fixed,,,sequential,20,false,1000,0,459.15,21.499755,466.95,23.972517,0.45915,0.0215,15.42851,7.206152,12.42851,7.206152,0.466205,0.024039,0.91944,0.042895
G4b 처리 시간 무작위성 · 연속 도착,exp TA=1 TB=2 rho=0.5,,1,2,0.5,,,,exp,,,immediate,20,false,1000,0,243.65,18.290852,245.25,18.538367,0.24365,0.018291,5.206926,0.443827,2.105394,0.385336,0.259045,0.028047,0.498925,0.040564
G4b 처리 시간 무작위성 · 연속 도착,exp TA=1 TB=2 rho=0.5,,1,2,0.5,,,,exp,,,sequential,20,false,1000,0,243.55,18.274155,245.25,18.538367,0.24355,0.018274,5.504587,0.407803,2.402983,0.358743,0.259045,0.028047,0.498655,0.04059
G4b 처리 시간 무작위성 · 연속 도착,exp TA=1 TB=2 rho=0.8,,1,2,0.8,,,,exp,,,immediate,20,false,1000,0,391.1,23.228612,394.7,24.089963,0.3911,0.023229,12.109878,5.442817,8.994653,5.393819,0.41521,0.038177,0.808,0.056934
G4b 처리 시간 무작위성 · 연속 도착,exp TA=1 TB=2 rho=0.8,,1,2,0.8,,,,exp,,,sequential,20,false,1000,0,390.75,23.253466,394.7,24.089963,0.39075,0.023253,13.022014,5.620296,9.907226,5.570383,0.415285,0.038306,0.8067,0.056284
G4b 처리 시간 무작위성 · 연속 도착,exp TA=1 TB=2 rho=0.95,,1,2,0.95,,,,exp,,,immediate,20,false,1000,0,449.85,20.739677,466.95,23.972517,0.44985,0.02074,25.468818,13.087246,22.355658,13.046443,0.492885,0.036455,0.9267,0.047606
G4b 처리 시간 무작위성 · 연속 도착,exp TA=1 TB=2 rho=0.95,,1,2,0.95,,,,exp,,,sequential,20,false,1000,0,449.45,20.83134,466.95,23.972517,0.44945,0.020831,26.313605,12.985669,23.20141,12.944328,0.492885,0.036455,0.925685,0.047748
G4b 처리 시간 무작위성 · 연속 도착,normal-0.25 TA=1 TB=2 rho=0.5,,1,2,0.5,,,,normal-0.25,,,immediate,20,false,1000,0,244.15,18.442728,245.25,18.538367,0.24415,0.018443,4.195152,0.205577,1.096017,0.216035,0.257565,0.018789,0.500125,0.036556
G4b 처리 시간 무작위성 · 연속 도착,normal-0.25 TA=1 TB=2 rho=0.5,,1,2,0.5,,,,normal-0.25,,,sequential,20,false,1000,0,244.15,18.494025,245.25,18.538367,0.24415,0.018494,4.290475,0.224061,1.191508,0.233382,0.25764,0.018747,0.500025,0.036592
G4b 처리 시간 무작위성 · 연속 도착,normal-0.25 TA=1 TB=2 rho=0.8,,1,2,0.8,,,,normal-0.25,,,immediate,20,false,1000,0,391.5,23.38353,394.7,24.089963,0.3915,0.023384,7.980619,2.52937,4.885188,2.527671,0.414945,0.023988,0.80078,0.049527
G4b 처리 시간 무작위성 · 연속 도착,normal-0.25 TA=1 TB=2 rho=0.8,,1,2,0.8,,,,normal-0.25,,,sequential,20,false,1000,0,391.4,23.417043,394.7,24.089963,0.3914,0.023417,8.236937,2.499725,5.141302,2.498346,0.414945,0.023988,0.80056,0.049666
G4b 처리 시간 무작위성 · 연속 도착,normal-0.25 TA=1 TB=2 rho=0.95,,1,2,0.95,,,,normal-0.25,,,immediate,20,false,1000,0,457.05,19.813539,466.95,23.972517,0.45705,0.019814,18.072179,8.454681,14.975924,8.454931,0.49051,0.023848,0.934755,0.042196
G4b 처리 시간 무작위성 · 연속 도착,normal-0.25 TA=1 TB=2 rho=0.95,,1,2,0.95,,,,normal-0.25,,,sequential,20,false,1000,0,456.75,19.72942,466.95,23.972517,0.45675,0.019729,18.443363,8.435906,15.347257,8.435996,0.49051,0.023848,0.934255,0.042158
G4b 처리 시간 무작위성 · 연속 도착,normal-0.5 TA=1 TB=2 rho=0.5,,1,2,0.5,,,,normal-0.5,,,immediate,20,false,1000,0,244.05,18.443299,245.25,18.538367,0.24405,0.018443,4.374718,0.239263,1.262399,0.241247,0.25899,0.019812,0.501655,0.037809
G4b 처리 시간 무작위성 · 연속 도착,normal-0.5 TA=1 TB=2 rho=0.5,,1,2,0.5,,,,normal-0.5,,,sequential,20,false,1000,0,244.05,18.443299,245.25,18.538367,0.24405,0.018443,4.526424,0.274051,1.413929,0.274219,0.25899,0.019812,0.501515,0.037906
G4b 처리 시간 무작위성 · 연속 도착,normal-0.5 TA=1 TB=2 rho=0.8,,1,2,0.8,,,,normal-0.5,,,immediate,20,false,1000,0,391.15,23.063471,394.7,24.089963,0.39115,0.023063,8.670852,3.096676,5.563698,3.087476,0.41757,0.024845,0.801955,0.053234
G4b 처리 시간 무작위성 · 연속 도착,normal-0.5 TA=1 TB=2 rho=0.8,,1,2,0.8,,,,normal-0.5,,,sequential,20,false,1000,0,391.15,23.125004,394.7,24.089963,0.39115,0.023125,9.023744,3.045193,5.91668,3.03667,0.417595,0.024861,0.801665,0.053396
G4b 처리 시간 무작위성 · 연속 도착,normal-0.5 TA=1 TB=2 rho=0.95,,1,2,0.95,,,,normal-0.5,,,immediate,20,false,1000,0,456.2,19.378773,466.95,23.972517,0.4562,0.019379,19.492114,8.513839,16.384335,8.499804,0.49385,0.025084,0.93477,0.044871
G4b 처리 시간 무작위성 · 연속 도착,normal-0.5 TA=1 TB=2 rho=0.95,,1,2,0.95,,,,normal-0.5,,,sequential,20,false,1000,0,455.85,19.26621,466.95,23.972517,0.45585,0.019266,20.082197,8.609958,16.974158,8.595008,0.49387,0.025085,0.93408,0.044864
G5 몰려서 도착,rho=0.5 b=1,,2,2,0.5,,,,,1,0.25,immediate,20,false,1000,0,244,17.519913,244.95,17.647051,0.244,0.01752,5.157372,0.184385,1.157372,0.184385,0.489355,0.035083,0.48878,0.035123
G5 몰려서 도착,rho=0.5 b=1,,2,2,0.5,,,,,1,0.25,sequential,20,false,1000,0,244,17.70816,244.95,17.647051,0.244,0.017708,5.062698,0.198498,1.062698,0.198498,0.489435,0.035138,0.48849,0.035152
G5 몰려서 도착,rho=0.5 b=2,,2,2,0.5,,,,,2,0.125,immediate,20,false,1000,0,243.3,21.248158,245,21.584595,0.2433,0.021248,5.904987,0.551905,1.904987,0.551905,0.48774,0.042692,0.48774,0.042692
G5 몰려서 도착,rho=0.5 b=2,,2,2,0.5,,,,,2,0.125,sequential,20,false,1000,0,242.85,21.357299,245,21.584595,0.24285,0.021357,6.903027,0.553485,2.903027,0.553485,0.48774,0.042692,0.486475,0.042763
G5 몰려서 도착,rho=0.5 b=4,,2,2,0.5,,,,,4,0.0625,immediate,20,false,1000,0,247.9,33.794892,250.6,33.673979,0.2479,0.033795,9.853316,1.788085,5.853316,1.788085,0.49698,0.067529,0.49698,0.067529
G5 몰려서 도착,rho=0.5 b=4,,2,2,0.5,,,,,4,0.0625,sequential,20,false,1000,0,247.8,33.852,250.6,33.673979,0.2478,0.033852,10.855389,1.788636,6.855389,1.788636,0.49698,0.067529,0.495955,0.067727
G5 몰려서 도착,rho=0.5 b=8,,2,2,0.5,,,,,8,0.03125,immediate,20,false,1000,0,255.8,56.750238,258.8,58.169987,0.2558,0.05675,17.135277,4.477386,13.135277,4.477386,0.5123,0.113125,0.5123,0.113125
G5 몰려서 도착,rho=0.5 b=8,,2,2,0.5,,,,,8,0.03125,sequential,20,false,1000,0,255.6,56.488844,258.8,58.169987,0.2556,0.056489,18.136069,4.48267,14.136069,4.48267,0.5123,0.113125,0.511555,0.112928
G5 몰려서 도착,rho=0.8 b=1,,2,2,0.8,,,,,1,0.4,immediate,20,false,1000,0,391.95,22.319392,395.25,22.603854,0.39195,0.022319,8.308725,1.70681,4.308725,1.70681,0.78607,0.044771,0.78538,0.044576
G5 몰려서 도착,rho=0.8 b=1,,2,2,0.8,,,,,1,0.4,sequential,20,false,1000,0,391.8,22.474781,395.25,22.603854,0.3918,0.022475,8.16933,1.658848,4.16933,1.658848,0.78626,0.044846,0.784545,0.044773
G5 몰려서 도착,rho=0.8 b=2,,2,2,0.8,,,,,2,0.2,immediate,20,false,1000,0,380.2,31.401643,382.9,31.485836,0.3802,0.031402,10.734393,3.397531,6.734393,3.397531,0.761445,0.063018,0.761445,0.063018
G5 몰려서 도착,rho=0.8 b=2,,2,2,0.8,,,,,2,0.2,sequential,20,false,1000,0,379.55,31.429914,382.9,31.485836,0.37955,0.03143,11.739155,3.403771,7.739155,3.403771,0.761445,0.063018,0.759815,0.063138
G5 몰려서 도착,rho=0.8 b=4,,2,2,0.8,,,,,4,0.1,immediate,20,false,1000,0,384.9,37.97215,390.4,39.371911,0.3849,0.037972,19.899525,9.79201,15.899525,9.79201,0.771175,0.075658,0.771175,0.075658
G5 몰려서 도착,rho=0.8 b=4,,2,2,0.8,,,,,4,0.1,sequential,20,false,1000,0,384.55,37.892473,390.4,39.371911,0.38455,0.037892,20.890462,9.793141,16.890462,9.793141,0.771175,0.075658,0.769835,0.075709
G5 몰려서 도착,rho=0.8 b=8,,2,2,0.8,,,,,8,0.05,immediate,20,false,1000,0,386,51.031466,397.2,54.275709,0.386,0.051031,35.144552,19.330833,31.144552,19.330833,0.773195,0.102214,0.773195,0.102214
G5 몰려서 도착,rho=0.8 b=8,,2,2,0.8,,,,,8,0.05,sequential,20,false,1000,0,385.45,51.052579,397.2,54.275709,0.38545,0.051053,36.130749,19.33795,32.130749,19.33795,0.773195,0.102214,0.771675,0.102185
